date,wti,brent,cpi,production_us,inventory_us,refinery_util,net_exports,dxy,wcs,gpr,wti_real,wcs_real,war_long,in_war,war_label,hormuz_threat,log_production,log_inventory,log_dxy,log_wti_real,log_wcs_real,log_wti_lag1,log_wcs_lag1,crack_spread,month_sin,month_cos
2003-01-01,32.95,31.18,182.6,5755.0,,87.2,-8.623,,30.52,206.43460083007807,58.097726749975116,53.81312960270835,0,0,,0,8.657824321155983,,,4.062126536585952,3.9855174820536914,,,-1.7700000000000031,0.49999999999999994,0.8660254037844387
2003-02-01,35.83,32.77,183.6,5783.0,,87.4,-8.469,,33.0,239.6109313964844,62.831673217468804,57.86897058823529,0,0,,0,8.662677858158219,,,4.140459296928776,4.058181327078393,4.062126536585952,3.9855174820536914,-3.059999999999995,0.8660254037844386,0.5000000000000001
2003-03-01,33.51,30.61,183.9,5803.0,,90.5,-9.216,,30.65,358.711181640625,58.66744738247071,53.660318181818184,0,1,Iraq War,0,8.666130304190608,,,4.071885013937247,3.982673774570248,4.140459296928776,4.058181327078393,-2.8999999999999986,1.0,6.123233995736766e-17
2003-04-01,28.17,25.0,183.2,5726.0,,94.1,-9.916,,26.02,255.77517700195312,49.50691582473205,45.728432721317986,0,1,Iraq War,0,8.65277248565806,,,3.902112373446555,3.8227202646426326,4.071885013937247,3.982673774570248,-3.1700000000000017,0.8660254037844387,-0.4999999999999998
2003-05-01,28.11,25.86,182.9,5663.0,,95.8,-10.138,,25.74,162.1218719482422,49.482500079526815,45.310549699289226,0,1,Iraq War,0,8.641709066113805,,,3.9016190733199236,3.8135398905694635,3.902112373446555,3.8227202646426326,-2.25,0.49999999999999994,-0.8660254037844387
2003-06-01,30.66,27.65,183.1,5659.0,,94.7,-9.993,,27.92,145.7697296142578,53.91235462985949,49.0943555533489,0,1,Iraq War,0,8.641002477142523,,,3.9873596655615064,3.89374407001201,3.9016190733199236,3.8135398905694635,-3.0100000000000016,1.2246467991473532e-16,-1.0
2003-07-01,30.76,28.35,183.7,5498.0,,94.0,-10.027,,28.55,134.89891052246094,53.911531429702585,50.038173677438515,0,1,Iraq War,0,8.612139668725192,,,3.9873443962146666,3.9127861876792425,3.9873596655615064,3.89374407001201,-2.41,-0.4999999999999997,-0.8660254037844388
2003-08-01,31.57,29.89,184.5,5574.0,,95.0,-10.019,,29.15,138.23092651367188,55.09126,50.86823658536585,0,1,Iraq War,0,8.625868208041894,,,4.008991082887621,3.9292386931142227,3.9873443962146666,3.9127861876792425,-1.6799999999999997,-0.8660254037844385,-0.5000000000000004
2003-09-01,28.31,27.11,185.1,5609.0,,93.1,-10.284,,26.39,118.19628143310548,49.24225632827464,45.90261902165906,1,1,Iraq War,0,8.632127729508337,,,3.8967521233426594,3.8265221747340843,4.008991082887621,3.9292386931142227,-1.1999999999999993,-1.0,-1.8369701987210297e-16
2003-10-01,30.34,29.61,184.9,5614.0,,92.4,-10.049,,27.75,108.3173828125,52.83031001524166,48.32040550174541,1,1,Iraq War,0,8.633018756921828,,,3.96708507932561,3.8778539455976673,3.8967521233426594,3.8265221747340843,-0.7300000000000004,-0.8660254037844386,0.5000000000000001
2003-11-01,31.11,28.75,185.0,5547.0,,93.6,-9.33,,28.28,118.0866928100586,54.14181076658477,49.21666372481573,1,1,Iraq War,0,8.621012520055235,,,3.991606729629524,3.8962322597483503,3.96708507932561,3.8778539455976673,-2.3599999999999994,-0.5000000000000004,0.8660254037844384
2003-12-01,32.13,29.81,185.5,5571.0,,93.0,-9.68,,29.28,129.46507263183594,55.76623255574615,50.819647968635145,1,1,Iraq War,0,8.625329850020815,,,4.021168534878581,3.928283050843924,3.991606729629524,3.8962322597483503,-2.320000000000004,-2.4492935982947064e-16,1.0
2004-01-01,34.31,31.28,186.3,5585.0,,89.1,-9.341,,30.93,113.46759033203124,59.29421954325867,53.452935309617914,1,1,Iraq War,0,8.6278397115033,,,4.082511823061119,3.9788015528877385,4.021168534878581,3.928283050843924,-3.030000000000001,0.49999999999999994,0.8660254037844387
2004-02-01,34.69,30.86,186.7,5572.0,,88.8,-9.309,,31.72,115.0759735107422,59.8224886254078,54.70075927350636,1,1,Iraq War,0,8.625509334899697,,,4.0913816542322845,4.001877590017274,4.082511823061119,3.9788015528877385,-3.8299999999999983,0.8660254037844386,0.5000000000000001
2004-03-01,36.74,33.63,187.1,5617.0,,88.5,-10.069,,33.1,138.53207397460938,63.222236985569225,56.95852052864293,1,1,Iraq War,0,8.633552992532433,,,4.146656090305239,4.042323292901276,4.0913816542322845,4.001877590017274,-3.1099999999999994,1.0,6.123233995736766e-17
2004-04-01,36.75,33.59,187.4,5560.0,,92.5,-10.06,,33.47,149.6313934326172,63.13820789269429,57.50301546036674,1,1,Iraq War,0,8.623353387244627,,,4.145326099652827,4.051837389217217,4.146656090305239,4.042323292901276,-3.1599999999999966,0.8660254037844387,-0.4999999999999998
2004-05-01,40.28,37.57,188.2,5556.0,,95.6,-10.426,,36.32,121.0911865234375,68.90874441116802,62.13420052168873,1,1,Iraq War,0,8.622633703874234,,,4.2327830844973855,4.1292965703801165,4.145326099652827,4.051837389217217,-2.710000000000001,0.49999999999999994,-0.8660254037844387
2004-06-01,38.03,35.18,188.9,5407.0,,97.5,-10.488,,34.59,137.23391723632812,64.81848280956736,58.95533316810242,1,1,Iraq War,0,8.595449689382004,,,4.171590791231008,4.076780092239916,4.2327830844973855,4.1292965703801165,-2.8500000000000014,1.2246467991473532e-16,-1.0
2004-07-01,40.78,38.22,189.1,5484.0,,96.8,-10.28,,36.68,131.0198516845703,69.43208171722515,62.45141631652325,1,1,Iraq War,0,8.609590040682205,,,4.240349033280201,4.134388915522155,4.171590791231008,4.076780092239916,-2.5600000000000023,-0.4999999999999997,-0.8660254037844388
2004-08-01,44.9,42.74,189.2,5325.0,,97.1,-10.447,,40.3,140.36582946777344,76.40639385931193,68.57856731693253,1,1,Iraq War,0,8.580167990577626,,,4.336066381928734,4.227980056133163,4.240349033280201,4.134388915522155,-2.1599999999999966,-0.8660254037844385,-0.5000000000000004
2004-09-01,45.94,43.2,189.8,5081.0,,90.1,-9.662,,41.35,153.87161254882812,77.92903110451192,70.14291328192355,1,1,Iraq War,0,8.533263371593732,,,4.355798554883428,4.250534779092176,4.336066381928734,4.227980056133163,-2.739999999999995,-1.0,-1.8369701987210297e-16
2004-10-01,53.28,49.78,190.8,5170.0,,90.2,-10.337,,46.13,119.86279296875,89.90634442538594,77.84120999142368,1,1,Iraq War,0,8.550627967502475,,,4.498768511016251,4.354670982353846,4.355798554883428,4.250534779092176,-3.5,-0.8660254037844386,0.5000000000000001
2004-11-01,48.47,43.11,191.7,5423.0,,94.4,-10.196,,41.77,122.70738983154295,81.40580977379429,70.15309829278704,1,1,Iraq War,0,8.59840444684106,,,4.399446643603989,4.250679972255789,4.498768511016251,4.354670982353846,-5.359999999999999,-0.5000000000000004,0.8660254037844384
2004-12-01,43.15,39.6,191.7,5510.0,,95.0,-10.071,,36.6,109.89522552490234,72.47082095603928,61.47003585147248,1,1,Iraq War,0,8.61431990214696,,,4.283184011276141,4.118549834154025,4.399446643603989,4.250679972255789,-3.549999999999997,-2.4492935982947064e-16,1.0
2005-01-01,46.84,44.51,191.6,5446.0,270314.0,91.3,-9.957,,39.01,100.88758850097656,78.70926838109699,65.55184798348833,1,1,Iraq War,0,8.602636673233706,12.507339525225888,,4.36576091699106,4.1828414017801085,4.283184011276141,4.118549834154025,-2.3300000000000054,0.49999999999999994,0.8660254037844387
2005-02-01,48.15,45.48,192.4,5501.0,286010.0,90.6,-10.2,,41.05,108.97796630859376,80.5741472075222,68.69301646664147,1,1,Iraq War,0,8.612685172875459,12.563782054225692,,4.389177843810831,4.229647541465134,4.36576091699106,4.1828414017801085,-2.6700000000000017,0.8660254037844386,0.5000000000000001
2005-03-01,54.19,53.1,193.1,5601.0,303506.0,90.8,-10.206,,46.78,90.41048431396484,90.35274911256533,77.99781515936162,1,1,Iraq War,0,8.630700432209832,12.623156658643774,,4.503721443941857,4.3566808155198675,4.389177843810831,4.229647541465134,-1.0899999999999963,1.0,6.123233995736766e-17
2005-04-01,52.98,51.88,193.7,5563.0,321717.0,92.8,-10.179,,46.71,87.03240203857422,88.06165174825175,77.63985944055945,1,1,Iraq War,0,8.623892810075294,12.681427556095752,,4.478037157229276,4.35208094789937,4.503721443941857,4.3566808155198675,-1.0999999999999943,0.8660254037844387,-0.4999999999999998
2005-05-01,49.83,48.65,193.6,5596.0,320029.0,94.2,-10.377,,44.84,98.20596313476562,82.86860501033058,74.57010332456801,1,1,Iraq War,0,8.629807335785372,12.676166895669713,,4.41725628124914,4.311739667159786,4.478037157229276,4.35208094789937,-1.1799999999999997,0.49999999999999994,-0.8660254037844387
2005-06-01,56.35,54.35,193.7,5442.0,311882.0,97.1,-10.744,,50.3,81.12405395507812,93.66315734265736,83.60704195804196,1,1,Iraq War,0,8.601901919343192,12.650380190125817,,4.539704913871138,4.426127750491046,4.41725628124914,4.311739667159786,-2.0,1.2246467991473532e-16,-1.0
2005-07-01,59.0,57.52,194.9,5253.0,302400.0,94.2,-10.343,,53.83,165.90191650390625,97.46409767246607,88.92359962218387,1,1,Iraq War,0,8.566554620953962,12.619505923287514,,4.5794840811905075,4.487777569857654,4.539704913871138,4.426127750491046,-1.4799999999999969,-0.4999999999999997,-0.8660254037844388
2005-08-01,64.99,63.98,196.1,5198.0,293574.0,92.7,-10.387,,59.3,116.2276611328125,106.70221556256084,97.36023054100413,1,1,Iraq War,0,8.556029215201436,12.589885015942885,,4.67004192250226,4.578417816599682,4.5794840811905075,4.487777569857654,-1.009999999999998,-0.8660254037844385,-0.5000000000000004
2005-09-01,65.59,62.91,198.8,4214.0,290327.0,83.6,-9.131,,60.18,103.8076629638672,106.22475662612037,97.46311714834461,1,1,Iraq War,0,8.346167594364134,12.578763152921713,,4.665557194881473,4.579474020777728,4.67004192250226,4.578417816599682,-2.680000000000007,-1.0,-1.8369701987210297e-16
2005-10-01,62.26,58.54,199.1,4555.0,306035.0,81.3,-9.427,,57.18,87.06182861328125,100.67980140632848,92.4650023195288,1,1,Iraq War,0,8.423980809694058,12.631454753478696,,4.611945197741615,4.526830219622318,4.665557194881473,4.579474020777728,-3.719999999999999,-0.8660254037844386,0.5000000000000001
2005-11-01,58.32,55.24,198.1,4857.0,306323.0,89.3,-10.214,,52.13,83.48009490966797,94.78454587673811,84.72425199853151,1,1,Iraq War,0,8.488176242345745,12.63239537978303,,4.551606377794201,4.439401888873813,4.611945197741615,4.526830219622318,-3.0799999999999983,-0.5000000000000004,0.8660254037844384
2005-12-01,59.41,56.86,198.1,4988.0,307651.0,89.4,-9.972,,52.51,95.35025024414062,96.5560677389748,85.34184677619201,1,1,Iraq War,0,8.514790306799927,12.63672130261029,,4.570123852461448,4.446664917743566,4.551606377794201,4.439401888873813,-2.549999999999997,-2.4492935982947064e-16,1.0
2006-01-01,65.49,62.99,199.3,5048.0,307204.0,87.0,-9.739,100.00000454545456,57.33,94.51001739501952,105.79671563654608,92.61453210327053,1,1,Iraq War,0,8.52674740422105,12.635267301004218,4.605170231442636,4.661519475809516,4.528446063499845,4.570123852461448,4.446664917743566,-2.499999999999993,0.49999999999999994,0.8660254037844387
2006-02-01,61.63,60.21,199.4,5032.0,326383.0,86.5,-9.968,100.21117,54.82,95.85819244384766,99.5110955730829,88.51530519741041,1,1,Iraq War,0,8.523572798380277,12.695826817382372,4.607279659483568,4.600269151244717,4.483175477145205,4.661519475809516,4.528446063499845,-1.4200000000000017,0.8660254037844386,0.5000000000000001
2006-03-01,62.69,62.06,199.7,5027.0,326417.0,85.8,-9.721,100.42808695652174,56.38,92.79762268066406,101.07056625392634,90.89740828515502,1,1,Iraq War,0,8.522578663692576,12.695930984049133,4.609441918697702,4.615818948662411,4.5097314890625,4.600269151244717,4.483175477145205,-0.6299999999999955,1.0,6.123233995736766e-17
2006-04-01,69.44,70.26,200.7,5082.0,331258.0,88.0,-9.833,99.74348,62.98,89.01580047607422,111.395291316755,101.03219249898085,1,1,Iraq War,0,8.53346016388011,12.710652806934336,4.602601690225171,4.713085058348105,4.615439203668889,4.615818948662411,4.5097314890625,0.8200000000000074,0.8660254037844387,-0.4999999999999998
2006-05-01,70.84,69.78,201.3,5151.0,324286.0,91.2,-10.276,97.51177391304348,65.34,85.20877838134766,113.30244232488822,104.50566885245901,1,1,Iraq War,0,8.546946149565585,12.689381121459153,4.579973128795628,4.73006072406719,4.649241317325481,4.713085058348105,4.615439203668889,-1.0600000000000023,0.49999999999999994,-0.8660254037844387
2006-06-01,70.95,68.56,201.8,5163.0,320523.0,93.0,-10.679,98.69272272727272,65.13,102.57276916503906,113.19721233894946,103.91169048112441,1,1,Iraq War,0,8.54927308487965,12.677709315638545,4.592011212487849,4.729131539484846,4.6435414084371045,4.73006072406719,4.649241317325481,-2.3900000000000006,1.2246467991473532e-16,-1.0
2006-07-01,74.41,73.67,202.9,5094.0,315387.0,92.5,-10.216,98.4387142857143,68.86,137.13482666015625,118.07385734575921,109.26711217348446,1,1,Iraq War,0,8.535818655539403,12.661555735160025,4.589434164544777,4.771310338375704,4.693795454876912,4.729131539484846,4.6435414084371045,-0.7399999999999949,-0.4999999999999997,-0.8660254037844388
2006-08-01,73.04,73.23,203.8,5040.0,316622.0,93.2,-10.549,97.7137652173913,67.77,147.08111572265625,115.38811501472031,107.06260343027922,1,1,Iraq War,0,8.525161361065415,12.665463912328176,4.582042441830446,4.748301359296391,4.6734137421577,4.771310338375704,4.693795454876912,0.18999999999999773,-0.8660254037844385,-0.5000000000000004
2006-09-01,63.8,61.96,202.8,5031.0,316599.0,93.0,-10.689,97.98136190476193,58.92,111.72425842285156,101.28781952662722,93.54041264120495,1,1,Iraq War,0,8.523374050491318,12.665391267864363,4.584777275937893,4.617966162432019,4.5383935636757045,4.748301359296391,4.6734137421577,-1.8399999999999963,-1.0,-1.8369701987210297e-16
2006-10-01,58.89,57.81,201.9,5108.0,322917.0,87.9,-10.069,98.31565454545454,54.04,113.1352996826172,93.90954346886397,86.17544114548156,1,1,Iraq War,0,8.53856321715243,12.685150603239116,4.588183267225065,4.54233201543599,4.45638523157151,4.617966162432019,4.5383935636757045,-1.0799999999999983,-0.8660254037844386,0.5000000000000001
2006-11-01,59.08,58.76,202.0,5064.0,318184.0,88.0,-9.864,97.5132818181818,53.61,88.77892303466797,94.16588905490549,85.44741557605761,1,1,Iraq War,0,8.529911963824013,12.670385110780618,4.579988592502409,4.5450580040602775,4.447901164236545,4.54233201543599,4.45638523157151,-0.3200000000000003,-0.5000000000000004,0.8660254037844384
2006-12-01,61.96,62.47,203.1,5186.0,295819.0,90.6,-9.528,96.79507142857145,55.98,90.60655975341795,98.22136822881698,88.74164288975427,1,1,Iraq War,0,8.55371796609861,12.5975030597856,4.572596077992222,4.587223790760632,4.485729259299272,4.5450580040602775,4.447901164236545,0.509999999999998,-2.4492935982947064e-16,1.0
2007-01-01,54.51,53.68,203.437,5108.0,307333.0,88.2,-10.202,97.83377727272727,50.77,97.9200439453125,86.26819931745678,80.349229120295,1,1,Iraq War,0,8.53856321715243,12.635687129271334,4.583269888300757,4.457461040231921,4.386382498115035,4.587223790760632,4.485729259299272,-0.8299999999999983,0.49999999999999994,0.8660254037844387
2007-02-01,59.28,57.56,204.226,5118.0,300287.0,84.7,-8.984,97.476425,54.45,96.16935729980467,93.45480972505504,85.84032371000754,1,1,Iraq War,0,8.540519016719735,12.61249396299109,4.579610553894914,4.537478001010023,4.4524888694011615,4.457461040231921,4.386382498115035,-1.7199999999999989,0.8660254037844386,0.5000000000000001
2007-03-01,60.44,62.05,205.288,5119.0,313541.0,87.1,-10.346,97.01175454545456,56.84,87.33650207519531,94.79062480736597,89.1445915627181,1,1,Iraq War,0,8.540714386457584,12.65568541200316,4.574832152042548,4.551670509933531,4.490259675757892,4.537478001010023,4.4524888694011615,1.6099999999999994,1.0,6.123233995736766e-17
2007-04-01,63.98,67.49,205.904,5180.0,324791.0,88.1,-10.142,95.6322,60.68,76.6133804321289,100.04236412909106,94.88231721402384,1,1,Iraq War,0,8.55256033525353,12.690937177526143,4.560509583429887,4.605593737568366,4.552637357527326,4.551670509933531,4.490259675757892,3.509999999999998,0.8660254037844387,-0.4999999999999998
2007-05-01,63.46,67.21,206.755,5211.0,336088.0,89.7,-10.292,94.72254782608697,61.71,92.5995864868164,98.82083988735022,96.09571429953327,1,1,Iraq War,0,8.558527054909215,12.725128309416181,4.5509520692757,4.59330851254512,4.565344718723045,4.605593737568366,4.552637357527326,3.749999999999993,0.49999999999999994,-0.8660254037844387
2007-06-01,67.49,71.05,207.234,5075.0,336953.0,88.5,-9.963,94.44490952380951,65.14,97.9723129272461,104.85349529780564,101.20249938804355,1,1,Iraq War,0,8.532081803909987,12.727698733732858,4.548016696505766,4.652564092965926,4.6171234540586985,4.59330851254512,4.565344718723045,3.5600000000000023,1.2246467991473532e-16,-1.0
2007-07-01,74.12,76.93,207.603,5038.0,319480.0,91.2,-9.912,93.20591363636365,71.24,112.34625244140624,114.94928638708585,110.48282733696702,1,1,Iraq War,0,8.524764456912555,12.674449953031326,4.534811170712558,4.74449104316109,4.704860100165392,4.652564092965926,4.6171234540586985,2.8100000000000023,-0.4999999999999997,-0.8660254037844388
2007-08-01,72.36,70.76,207.667,4970.0,303470.0,90.8,-10.274,93.76029565217392,69.46,83.17320251464844,112.18519910153361,107.6891090325114,1,1,Iraq War,0,8.511175119090675,12.623038037808545,4.540741479110569,4.720151069070906,4.67924845585974,4.74449104316109,4.704860100165392,-1.5999999999999943,-0.8660254037844385,-0.5000000000000004
2007-09-01,79.92,77.17,208.547,4902.0,294041.0,88.9,-10.273,92.436595,73.54,94.4888687133789,123.38319791004166,113.53353821702282,1,1,Iraq War,0,8.497398564088058,12.591474492380078,4.526522950024174,4.815294942638672,4.732098284171499,4.720151069070906,4.67924845585974,-2.75,-1.0,-1.8369701987210297e-16
2007-10-01,85.8,82.34,209.19,5022.0,290033.0,87.4,-9.773,90.40017826086957,79.87,101.47301483154295,132.05378746594008,122.92699306415658,1,1,Iraq War,0,8.52158353971753,12.577749988592162,4.50424623930846,4.883209320391191,4.811590626826572,4.815294942638672,4.732098284171499,-3.4599999999999937,-0.8660254037844386,0.5000000000000001
2007-11-01,94.77,92.41,210.834,5034.0,282180.0,88.9,-9.984,89.05299545454545,86.78,89.79544830322266,144.72205680556957,132.52062983631242,1,1,Iraq War,0,8.523970175695261,12.55030044416715,4.489231647064881,4.9748150532965045,4.886738330184605,4.883209320391191,4.811590626826572,-2.3599999999999994,-0.5000000000000004,0.8660254037844384
2007-12-01,91.69,90.93,211.445,5111.0,268393.0,88.7,-9.815,90.00495714285714,85.29,94.96749114990234,139.61402466147442,129.8689078784726,1,1,Iraq War,0,8.53915035876828,12.500207603262663,4.499864748178532,4.938881648473261,4.86652554074247,4.9748150532965045,4.886738330184605,-0.7599999999999909,-2.4492935982947064e-16,1.0
2008-01-01,92.97,92.18,212.174,5115.0,278727.0,85.8,-10.07,89.39711739130435,86.48,81.49982452392578,141.0766573104236,131.22845352485137,1,1,Iraq War,0,8.539932678385727,12.537988087141466,4.49308843771448,4.949303411512045,4.876939724375231,4.938881648473261,4.86652554074247,-0.789999999999992,0.49999999999999994,0.8660254037844387
2008-02-01,95.39,94.99,212.687,5148.0,284627.0,85.0,-9.616,88.6434380952381,89.09,80.75146484375,144.3997353302356,134.8629040839783,1,1,Iraq War,0,8.546363568716018,12.558934830130989,4.48462200942229,4.972585393563941,4.904258737139377,4.949303411512045,4.876939724375231,-0.4000000000000057,0.8660254037844386,0.5000000000000001
2008-03-01,105.45,103.64,213.448,5189.0,297218.0,83.2,-9.607,86.83986666666667,97.96,77.63613891601562,159.0592711744142,147.76146234467154,1,1,Iraq War,0,8.55429627936774,12.602221155267648,4.464065809618155,5.069276907438862,4.995599232598046,4.972585393563941,4.904258737139377,-1.8100000000000023,1.0,6.123233995736766e-17
2008-04-01,112.58,109.07,213.942,5180.0,302239.0,86.2,-9.965,86.54753636363635,106.09,71.9048080444336,169.42195419999132,159.65513520231906,1,1,Iraq War,0,8.55256033525353,12.618973374100959,4.460693816325535,5.132392373584452,5.073016084019751,5.069276907438862,4.995599232598046,-3.510000000000005,0.8660254037844387,-0.4999999999999998
2008-05-01,125.4,122.8,215.208,5143.0,286150.0,88.8,-9.645,86.82446363636363,117.64,72.57379913330078,187.6046587487454,175.99531144499528,1,1,Iraq War,0,8.545391845774915,12.564271427837248,4.4638884210857315,5.234336869679267,5.170457355166241,5.132392373584452,5.073016084019751,-2.6000000000000085,0.49999999999999994,-0.8660254037844387
2008-06-01,133.88,132.32,217.463,5138.0,278254.0,89.5,-9.996,87.07280476190476,127.32,87.54842376708984,198.21422673784005,188.501907292066,1,1,Iraq War,0,8.544419177669829,12.536289644596009,4.466744605046006,5.289348399026407,5.239108125097173,5.234336869679267,5.170457355166241,-1.5600000000000023,1.2246467991473532e-16,-1.0
2008-07-01,133.37,132.72,219.016,5177.0,277848.0,88.8,-10.103,86.45375652173914,129.03,89.73957061767578,196.05900854483028,189.67904230741132,1,1,Iraq War,0,8.551981016901902,12.534829480553674,4.459609664299632,5.27841567792408,5.2453333927535315,5.289348399026407,5.239108125097173,-0.6500000000000057,-0.4999999999999997,-0.8660254037844388
2008-08-01,116.67,113.24,218.69,5003.0,285014.0,87.1,-10.284,88.94499523809525,113.74,88.55410766601562,171.76503696390492,167.45140399652476,1,1,Iraq War,0,8.517793011488205,12.560293580851319,4.488018147639599,5.146127478733837,5.120693183776725,5.27841567792408,5.2453333927535315,-3.430000000000007,-0.8660254037844385,-0.5000000000000004
2008-09-01,104.11,97.23,218.877,3974.0,286462.0,74.6,-8.408,91.26510909090908,98.91,88.54255676269531,153.1428809580474,145.49382725540744,1,1,Iraq War,0,8.287528423111763,12.565361171087044,4.513768557834354,5.0313713480850595,4.9801336613501475,5.146127478733837,5.120693183776725,-6.8799999999999955,-1.0,-1.8369701987210297e-16
2008-10-01,76.61,71.58,216.995,4738.0,295160.0,85.3,-10.043,98.04,74.22,64.15979766845703,113.66852625846009,110.12241246446818,1,1,Iraq War,0,8.463370384718731,12.595272861172303,4.585375558659912,4.733286548526687,4.701592587630408,5.0313713480850595,4.9801336613501475,-5.030000000000001,-0.8660254037844386,0.5000000000000001
2008-11-01,57.31,52.45,213.153,5078.0,304011.0,85.8,-9.913,100.76666,53.33,79.08097076416016,86.56522314956862,80.55353953178319,1,1,Iraq War,0,8.532672762264625,12.624819163944252,4.612807546957856,4.460898154654421,4.388922050703285,4.733286548526687,4.701592587630408,-4.859999999999999,-0.5000000000000004,0.8660254037844384
2008-12-01,41.12,39.95,211.398,5103.0,308245.0,83.9,-9.373,99.66224782608695,37.67,92.3664321899414,62.62629590543989,57.37190094255644,1,1,Iraq War,0,8.537583881063972,12.638650200294872,4.601786947546591,4.137185252291766,4.049554652848806,4.460898154654421,4.388922050703285,-1.1699999999999946,-2.4492935982947064e-16,1.0
2009-01-01,41.71,43.44,211.933,5144.0,333154.0,82.3,-9.743,100.35208421052631,37.45,85.36947631835938,63.364512502450395,56.89285526772398,1,1,Iraq War,0,8.545586265917455,12.716360124522236,4.608684844438986,4.148903965021443,4.041169766775818,4.137185252291766,4.049554652848806,1.7299999999999969,0.49999999999999994,0.8660254037844387
2009-02-01,39.09,43.32,212.705,5239.0,339285.0,81.5,-9.044,102.97372631578948,38.15,67.45267486572266,59.16875967355557,57.74592431686223,1,1,Iraq War,0,8.56388591940822,12.73459574113019,4.634473871377375,4.080393694386008,4.05605277231161,4.148903965021443,4.041169766775818,4.229999999999997,0.8660254037844386,0.5000000000000001
2009-03-01,47.94,46.54,212.495,5219.0,348428.0,81.5,-9.348,103.43974545454545,45.57,72.64462280273438,72.63631578069216,69.04540905561414,1,1,Iraq War,0,8.560061091643414,12.761186888125,4.638989273657649,4.285465014128656,4.234764390398208,4.080393694386008,4.05605277231161,-1.3999999999999986,1.0,6.123233995736766e-17
2009-04-01,49.65,50.18,212.709,5278.0,352171.0,82.7,-9.347,100.71618636363635,48.78,85.6884994506836,75.15153936299657,73.83468459470237,1,1,Iraq War,0,8.57130251706327,12.77187213207437,4.612306525274567,4.319506599861402,4.301828602157994,4.285465014128656,4.234764390398208,0.5300000000000011,0.8660254037844387,-0.4999999999999998
2009-05-01,59.03,57.3,213.022,5377.0,341106.0,84.0,-8.744,97.55188,55.96,89.68086242675781,89.2180689958613,84.57806439112991,1,1,Iraq War,0,8.589885876809678,12.739948558401549,4.580384339051533,4.491083586290171,4.4376749468348535,4.319506599861402,4.301828602157994,-1.730000000000004,0.49999999999999994,-0.8660254037844387
2009-06-01,69.64,68.61,214.79,5269.0,328657.0,86.0,-9.078,96.04261818181818,65.72,81.10958862304688,104.38766864887057,98.51174014364983,1,1,Iraq War,0,8.569595870209286,12.702769932719422,4.564792032349837,4.64811155208212,4.5901757303511985,4.491083586290171,4.4376749468348535,-1.0300000000000011,1.2246467991473532e-16,-1.0
2009-07-01,64.15,64.44,214.726,5398.0,327214.0,84.2,-9.063,95.66055909090908,63.58,83.43962097167969,96.18703123134516,95.33236859998324,1,1,Iraq War,0,8.59378379357795,12.698369670081442,4.560806082798202,4.5662945380989335,4.557369402519944,4.64811155208212,4.5901757303511985,0.28999999999999204,-0.4999999999999997,-0.8660254037844388
2009-08-01,71.05,72.51,215.445,5418.0,317546.0,84.1,-8.779,94.37304285714286,67.99,73.37187957763672,106.17741716405158,101.60454036571241,1,1,Iraq War,0,8.59748202264504,12.66837796871028,4.547255469416596,4.665111441789517,4.621088222784776,4.5662945380989335,4.557369402519944,1.460000000000008,-0.8660254037844385,-0.5000000000000004
2009-09-01,69.41,67.65,215.861,5559.0,317074.0,84.9,-9.212,93.6638,67.74,92.8399887084961,103.5266959293249,101.03585048627674,1,1,Iraq War,0,8.62317351495347,12.666890464102698,4.539711775215087,4.639829511131064,4.615475409169197,4.665111441789517,4.621088222784776,-1.759999999999991,-1.0,-1.8369701987210297e-16
2009-10-01,75.72,72.77,216.509,5524.0,314409.0,81.5,-8.494,92.2597619047619,72.08,90.57640075683594,112.60019563326992,107.18729663557971,1,1,Iraq War,0,8.616857514529183,12.658449965081672,4.524608097427905,4.723843453122108,4.674577740081069,4.639829511131064,4.615475409169197,-2.950000000000003,-0.8660254037844386,0.5000000000000001
2009-11-01,77.99,76.66,217.234,5395.0,318846.0,81.1,-8.694,91.7996105263158,74.48,82.10176086425781,115.58876276273512,110.38660149465973,1,1,Iraq War,0,8.593227877692234,12.672463506580833,4.51960805498472,4.750038743578462,4.703988763204867,4.723843453122108,4.674577740081069,-1.3299999999999983,-0.5000000000000004,0.8660254037844384
2009-12-01,74.47,74.46,217.347,5452.0,307140.0,81.3,-8.105,92.25861904761904,72.95,92.94691467285156,110.31439757622603,108.06278102840996,1,1,Iraq War,0,8.603737792816423,12.635058948679683,4.5245957099666985,4.703334448803812,4.682712364050052,4.750038743578462,4.703988763204867,-0.010000000000005116,-2.4492935982947064e-16,1.0
2010-01-01,78.33,76.17,217.488,5404.0,316104.0,79.9,-8.459,92.4403,75.48,91.58102416992188,115.957093444654,111.73804944724223,1,1,Iraq War,0,8.59489469908009,12.663826552346992,4.526563030749248,4.753220238584558,4.7161572877057605,4.703334448803812,4.682712364050052,-2.1599999999999966,0.49999999999999994,0.8660254037844387
2010-02-01,76.39,73.75,217.281,5553.0,322375.0,81.1,-8.703,93.88668,74.58,80.72535705566406,113.1929171692626,110.5109014594005,1,1,Iraq War,0,8.622093601241607,12.683470743183646,4.54208852311698,4.729093594635424,4.705114171832831,4.753220238584558,4.7161572877057605,-2.6400000000000006,0.8660254037844386,0.5000000000000001
2010-03-01,81.2,78.83,217.353,5515.0,338442.0,83.2,-9.296,93.14987826086956,77.43,74.116943359375,120.28040569111914,114.69595828403148,1,1,Iraq War,0,8.615226931687603,12.732108012487943,4.534209790131763,4.789825731003892,4.742284786234891,4.729093594635424,4.705114171832831,-2.3700000000000045,1.0,6.123233995736766e-17
2010-04-01,84.29,84.82,217.403,5392.0,342635.0,88.7,-9.689,92.63908636363637,80.83,88.76158142089844,124.82886306662158,119.70479299650043,1,1,Iraq War,0,8.592671652592143,12.744421019607483,4.528711151552784,4.826943703767775,4.785028653504137,4.789825731003892,4.742284786234891,0.5299999999999869,0.8660254037844387,-0.4999999999999998
2010-05-01,73.74,75.95,217.29,5401.0,341282.0,88.2,-9.619,95.53064,72.66,88.95870971679688,109.2616833557165,107.66143087369625,1,1,Iraq War,0,8.594339400592892,12.740464393978677,4.559447033725612,4.693745769728958,4.678991403716015,4.826943703767775,4.785028653504137,2.210000000000008,0.49999999999999994,-0.8660254037844387
2010-06-01,75.34,74.76,217.199,5380.0,344988.0,90.7,-9.896,96.06062727272727,72.66,96.45369720458984,111.67919848115825,107.70653785029144,1,1,Iraq War,0,8.59044365315583,12.751264912799872,4.564979526225011,4.715630462064582,4.679410286593742,4.693745769728958,4.678991403716015,-0.5799999999999983,1.2246467991473532e-16,-1.0
2010-07-01,76.32,75.58,217.605,5298.0,337017.0,91.2,-9.863,94.45469047619048,73.73,79.38137817382812,112.92081019194495,109.08872294879589,1,1,Iraq War,0,8.575084669832014,12.727888653166044,4.548120253658769,4.726686778279359,4.6921615231408875,4.715630462064582,4.679410286593742,-0.7399999999999949,-0.4999999999999997,-0.8660254037844388
2010-08-01,76.6,77.04,217.923,5447.0,338719.0,89.1,-9.507,93.68223181818183,74.58,80.99386596679688,113.1697078158966,110.18533693093433,1,1,Iraq War,0,8.602820277383675,12.732926134073356,4.539908542854759,4.728888531158635,4.702163829162764,4.726686778279359,4.6921615231408875,0.44000000000001194,-0.8660254037844385,-0.5000000000000004
2010-09-01,75.24,77.84,218.275,5616.0,342318.0,86.5,-9.168,92.76259523809524,73.85,71.16854858398438,110.98116614362615,108.93087612582126,1,1,Iraq War,0,8.633374945705647,12.74349540858707,4.530043489983182,4.7093605125342615,4.69071351707882,4.728888531158635,4.702163829162764,2.6000000000000085,-1.0,-1.8369701987210297e-16
2010-10-01,81.89,82.67,219.035,5631.0,346830.0,82.5,-8.517,90.22912,77.76,65.99193572998047,120.37099429522473,114.30026274754763,1,1,Iraq War,0,8.636042325254618,12.756590025337477,4.5023522131050315,4.790578592681734,4.738828869551821,4.7093605125342615,4.69071351707882,0.7800000000000011,-0.8660254037844386,0.5000000000000001
2010-11-01,84.25,85.28,219.59,5576.0,331442.0,86.5,-8.667,90.509535,80.85,94.70516967773438,123.52698593246092,118.54192062480077,1,1,Iraq War,0,8.62622695244036,12.711208111007757,4.505455204272021,4.816459641772874,4.775266658563519,4.790578592681734,4.738828869551821,1.0300000000000011,-0.5000000000000004,0.8660254037844384
2010-12-01,89.15,91.45,220.472,5607.0,312082.0,88.4,-8.655,91.18347142857144,85.95,97.20389556884766,130.18843297767765,125.51537649390234,1,1,Iraq War,0,8.631771096123673,12.651021252773178,4.51287364631952,4.868982885410703,4.832428272930412,4.816459641772874,4.775266658563519,2.299999999999997,-2.4492935982947064e-16,1.0
2011-01-01,89.17,96.52,221.187,5497.0,323459.0,84.8,-9.111,90.11122,88.04,79.42161560058594,129.79670339412516,128.1518646048983,1,1,Iraq War,0,8.61195776786066,12.686827646096617,4.501044685163174,4.865969406367536,4.853216002879009,4.868982885410703,4.832428272930412,7.349999999999994,0.49999999999999994,0.8660254037844387
2011-02-01,88.58,103.72,221.898,5406.0,326814.0,80.0,-8.154,89.3966894736842,90.66,90.01448822021484,128.52475419910377,131.54272088158442,1,1,Iraq War,0,8.595264726836392,12.697146480707676,4.493083650998121,4.856121525464375,4.879331672482026,4.865969406367536,4.853216002879009,15.14,0.8660254037844386,0.5000000000000001
2011-03-01,102.86,114.64,223.046,5618.0,338421.0,84.4,-9.147,88.48722608695653,102.43,136.8883056640625,148.47610792881696,147.85541255248614,1,1,Iraq War,0,8.633731007664188,12.732045961526355,4.482858203595661,5.000424055930435,4.996234854032108,4.856121525464375,4.879331672482026,11.780000000000001,1.0,6.123233995736766e-17
2011-04-01,109.53,123.26,224.093,5562.0,344413.0,82.9,-8.798,86.92136666666667,112.51,91.01776885986328,157.36541481763052,161.64688049969516,1,1,Iraq War,0,8.62371303479391,12.74959679762936,4.46500387853506,5.0585705838702655,5.085414206117591,5.000424055930435,4.996234854032108,13.730000000000004,0.8660254037844387,-0.4999999999999998
2011-05-01,100.9,114.99,224.806,5625.0,346072.0,85.3,-9.022,86.94640476190476,107.84,105.34491729736328,144.50662627898157,154.44593238776383,1,1,Iraq War,0,8.63497622707262,12.754402124877172,4.465291891606205,4.973325363103053,5.0398440829074875,5.0585705838702655,5.085414206117591,14.08999999999999,0.49999999999999994,-0.8660254037844387
2011-06-01,96.26,113.83,224.806,5589.0,333699.0,89.0,-9.199,86.94125454545454,104.23,84.391845703125,137.86132651749026,149.2757745991898,1,1,Iraq War,0,8.628555659269699,12.717994668031348,4.465232655470964,4.926248299618454,5.005795431494722,4.973325363103053,5.0398440829074875,17.569999999999993,1.2246467991473532e-16,-1.0
2011-07-01,97.3,116.97,225.395,5440.0,324292.0,90.2,-9.203,86.31780499999999,104.68,78.92475891113281,138.98664014084366,149.5284839665315,1,1,Iraq War,0,8.601534339849989,12.689399623474332,4.4580358919889385,4.934377814416786,5.007486902886772,4.926248299618454,5.005795431494722,19.67,-0.4999999999999997,-0.8660254037844388
2011-08-01,86.33,110.22,226.106,5665.0,324817.0,90.3,-8.902,86.89824347826087,97.7,86.95156860351562,122.92894311437193,139.11916763899154,1,1,Iraq War,0,8.642062173462106,12.691017225801453,4.464737818928518,4.811606490183347,4.935330886984652,4.934377814416786,5.007486902886772,23.89,-0.8660254037844385,-0.5000000000000004
2011-09-01,85.52,112.83,226.597,5614.0,308245.0,88.7,-8.879,89.72526666666667,99.39,83.35044860839844,121.51168137907626,141.2189664671,1,1,Iraq War,0,8.633018756921828,12.638650200294872,4.496752409073464,4.800010401196822,4.9503116394599465,4.811606490183347,4.935330886984652,27.310000000000002,-1.0,-1.8369701987210297e-16
2011-10-01,86.32,109.55,226.75,5902.0,314922.0,84.9,-8.856,90.609845,100.57,76.33993530273438,122.56560967024154,142.79915853262503,1,1,Iraq War,0,8.683046555502886,12.660080268097493,4.50656287160454,4.808646475752936,4.961439157259446,4.800010401196822,4.9503116394599465,23.230000000000004,-0.8660254037844386,0.5000000000000001
2011-11-01,97.16,110.77,227.169,6039.0,314602.0,87.0,-8.66,91.26488,107.28,83.15767669677734,137.70285156545447,152.0457175374841,1,1,Iraq War,0,8.705993714307901,12.659063626865192,4.51376604766153,4.925098114056533,5.024181248895985,4.808646475752936,4.961439157259446,13.61,-0.5000000000000004,0.8660254037844384
2011-12-01,98.56,107.87,227.223,6112.0,308221.0,86.5,-8.658,92.20559047619048,105.69,85.34132385253906,139.65384560541847,149.75664510995006,1,1,Iraq War,1,8.718009330846357,12.638572337119898,4.5240207629563685,4.939166829465804,5.00901161070185,4.925098114056533,5.024181248895985,9.310000000000002,-2.4492935982947064e-16,1.0
2012-01-01,100.27,110.69,227.842,6177.0,317882.0,85.6,-8.449,91.646265,104.71,79.63497161865234,141.69082357311407,147.96495598225565,0,0,,1,8.728587995695898,12.66943552371672,4.517936220591136,4.953647385059166,4.996975461822703,4.939166829465804,5.00901161070185,10.420000000000002,0.49999999999999994,0.8660254037844387
2012-02-01,102.2,119.33,228.329,6268.0,322879.0,86.5,-8.489,89.9605,107.18,92.4458236694336,144.1100653403243,151.13225834810137,0,0,,1,8.74321260347591,12.685032919016718,4.499370685101458,4.970577350256068,5.018155336553168,4.953647385059166,4.996975461822703,17.129999999999995,0.8660254037844386,0.5000000000000001
2012-03-01,106.16,125.45,228.807,6327.0,347608.0,85.6,-8.7,90.51121363636364,110.92,88.75997924804688,149.38125262378733,156.07920630209583,0,0,,1,8.752581469146884,12.758830687068258,4.505473750614098,5.0065017803790175,5.050363611102642,4.970577350256068,5.018155336553168,19.290000000000006,1.0,6.123233995736766e-17
2012-04-01,103.32,119.75,229.187,6320.0,357045.0,86.6,-8.595,90.81560952380951,109.68,96.01668548583984,145.1439411802272,154.07846949910297,0,0,,0,8.751474487140904,12.785617103238257,4.508831181887406,4.977725947816631,5.03746201484305,5.0065017803790175,5.050363611102642,16.430000000000007,0.8660254037844387,-0.4999999999999998
2012-05-01,94.66,110.34,228.713,6370.0,363759.0,90.6,-8.908,92.49278636363636,103.17,78.17115783691406,133.25396595097547,145.23359039892395,0,0,,0,8.759354748566208,12.804246839429796,4.527130656219386,4.892256825837375,4.978343414471558,4.977725947816631,5.03746201484305,15.680000000000007,0.49999999999999994,-0.8660254037844387
2012-06-01,82.3,95.16,228.524,6275.0,362153.0,92.5,-9.147,93.88086666666666,91.96,77.82243347167969,115.95046961449046,129.56020881832978,0,0,,0,8.744328763999984,12.79982205344944,4.5420266025834435,4.753163113839872,4.864145706051828,4.892256825837375,4.978343414471558,12.86,1.2246467991473532e-16,-1.0
2012-07-01,87.9,102.62,228.59,6431.0,346677.0,92.5,-8.635,93.40616666666668,92.84,82.80802154541016,123.80441755584633,130.76225399186316,0,0,,0,8.768885326134862,12.756148789697512,4.53695736732367,4.818703042617478,4.873380819332582,4.753163113839872,4.864145706051828,14.719999999999999,-0.4999999999999997,-0.8660254037844388
2012-08-01,94.13,113.36,229.918,6351.0,336391.0,91.1,-8.605,92.5282652173913,97.7,74.87835693359375,131.81340522589474,136.81259630903983,0,0,,0,8.756367559802975,12.726029452858592,4.527514167759144,4.8813873257423515,4.91861207923196,4.818703042617478,4.873380819332582,19.230000000000004,-0.8660254037844385,-0.5000000000000004
2012-09-01,94.51,112.86,231.015,6598.0,343342.0,87.6,-8.313,90.9802,101.97,69.28050994873047,131.71707477082364,142.1139574053633,0,0,,0,8.794521851788527,12.746482313937562,4.510641900424779,4.880656249326729,4.956629252695899,4.8813873257423515,4.91861207923196,18.349999999999994,-1.0,-1.8369701987210297e-16
2012-10-01,89.49,111.71,231.638,6970.0,349531.0,87.1,-8.041,90.75663,100.02,81.66366577148438,124.38533938535755,139.0213615523909,0,0,,0,8.84937050375457,12.764347534862754,4.508181528327605,4.823384322760131,4.934627601556123,4.880656249326729,4.956629252695899,22.22,-0.8660254037844386,0.5000000000000001
2012-11-01,86.53,109.06,231.249,7082.0,352411.0,88.6,-8.11,91.47508,96.78,81.38964080810547,120.47344634414144,134.74425213435813,0,0,,0,8.86531163267185,12.772553387085942,4.516066585460778,4.7914293663580905,4.9033785531046155,4.823384322760131,4.934627601556123,22.53,-0.5000000000000004,0.8660254037844384
2012-12-01,87.86,109.49,231.221,7106.0,337796.0,90.4,-7.533,90.88039,95.06,74.83155822753906,122.33998353405302,132.36556834449215,0,0,,0,8.868694776580972,12.730197441959499,4.509544246336873,4.806803919222723,4.8855675518609525,4.7914293663580905,4.9033785531046155,21.629999999999995,-2.4492935982947064e-16,1.0
2013-01-01,94.76,112.96,231.679,7083.0,349294.0,83.8,-7.847,90.82551428571428,100.78,90.6574935913086,131.68699150745016,140.05292321782215,0,0,,0,8.865452825753623,12.763669253435827,4.5089402404717935,4.880427830199194,4.9420203741610615,4.806803919222723,4.8855675518609525,18.19999999999999,0.49999999999999994,0.8660254037844387
2013-02-01,95.31,116.05,232.937,7145.0,356799.0,81.6,-7.161,91.55087368421052,101.45,81.59033203125,131.73600396439616,140.22261674732965,0,0,,0,8.874168090363968,12.78492787699348,4.516894814321412,4.880799950009188,4.943231279331478,4.880427830199194,4.9420203741610615,20.739999999999995,0.8660254037844386,0.5000000000000001
2013-03-01,92.94,108.47,232.282,7214.0,364621.0,83.7,-7.39,92.41318,101.23,75.89672088623047,128.82246506793075,140.31308520364354,0,0,,0,8.883778861463485,12.806613736935013,4.526269609168063,4.858435216690438,4.9438762486442664,4.880799950009188,4.943231279331478,15.530000000000001,1.0,6.123233995736766e-17
2013-04-01,92.02,102.25,231.797,7374.0,367555.0,85.8,-7.622,92.04782272727272,99.5,95.10787200927734,127.81414286874056,138.20372979178097,0,0,,0,8.90571557879409,12.814628246301053,4.522308254246416,4.85057719989527,4.928728899332494,4.858435216690438,4.9438762486442664,10.230000000000004,0.8660254037844387,-0.4999999999999998
2013-05-01,94.51,102.56,231.893,7326.0,363304.0,88.2,-7.611,92.5289681818182,100.17,83.71731567382812,131.21836376338146,139.07674847294382,0,0,,0,8.89918494333876,12.802995228333103,4.527521765024207,4.876862834424123,4.935025928040831,4.85057719989527,4.928728899332494,8.049999999999997,0.49999999999999994,-0.8660254037844387
2013-06-01,95.77,102.92,232.445,7277.0,348807.0,91.6,-7.607,93.283615,98.67,82.97300720214844,132.6519909382278,136.66881012712687,0,0,,0,8.892473968347087,12.762274039622925,4.535644476139419,4.887729089428732,4.917560554764279,4.876862834424123,4.935025928040831,7.150000000000006,1.2246467991473532e-16,-1.0
2013-07-01,104.67,107.93,232.9,7522.0,339391.0,92.5,-7.954,93.87238636363637,103.85,73.97581481933594,144.69623454077052,143.56266319918808,0,0,,0,8.925587339030281,12.734908114047053,4.541936268031055,4.9746366107748,4.966771617230129,4.887729089428732,4.917560554764279,3.260000000000005,-0.4999999999999997,-0.8660254037844388
2013-08-01,106.57,111.28,233.456,7534.0,337127.0,91.4,-8.028,93.71488636363635,106.2,90.95674896240234,146.97193754633926,146.46166620457194,0,0,,0,8.927181388251986,12.728214992942046,4.540257049236307,4.990241667509501,4.986763730084475,4.9746366107748,4.966771617230129,4.710000000000008,-0.8660254037844385,-0.5000000000000004
2013-09-01,106.29,111.6,233.544,7838.0,344016.0,90.7,-7.818,93.470565,105.7,100.4593276977539,146.53055234676432,145.71718301865639,0,0,,0,8.966738978759576,12.74844344690181,4.5376465738964535,4.987233955155996,4.981667640486697,4.990241667509501,4.986763730084475,5.309999999999988,-1.0,-1.8369701987210297e-16
2013-10-01,100.54,109.08,233.669,7760.0,352597.0,86.8,-7.359,92.49926818181818,100.41,72.95311737060547,138.52950258699272,138.35038148756652,0,0,,0,8.956737613177264,12.773081040685094,4.527200732939171,4.931083318011444,4.92978946363836,4.987233955155996,4.981667640486697,8.539999999999992,-0.8660254037844386,0.5000000000000001
2013-11-01,93.86,107.79,234.1,7919.0,344172.0,90.6,-7.155,93.37366842105264,93.32,77.77902221679688,129.0873335637451,128.3446619238088,0,0,,0,8.977020214210413,12.748896811397186,4.536609382800323,4.860489179667709,4.854719316454667,4.931083318011444,4.92978946363836,13.930000000000007,-0.5000000000000004,0.8660254037844384
2013-12-01,97.63,110.76,234.719,7932.0,327191.0,91.9,-7.552,93.53402,94.32,70.37248992919922,133.91817954467024,129.37788276813782,0,0,,0,8.978660489639687,12.698299377219959,4.538325220384564,4.897229013045652,4.862737446037187,4.860489179667709,4.854719316454667,13.13000000000001,-2.4492935982947064e-16,1.0
2014-01-01,94.62,108.12,235.288,8072.0,336238.0,87.3,-7.341,94.46474761904764,93.58,77.91596984863281,129.4755186757583,128.05241003675187,0,0,,0,8.996156562033445,12.72557452152902,4.54822672383429,4.863491818293499,4.852439633528568,4.897229013045652,4.862737446037187,13.5,0.49999999999999994,0.8660254037844387
2014-02-01,100.82,108.9,235.547,8149.0,345274.0,86.6,-6.952,94.64558235294118,99.36,69.00352478027344,137.80773974852346,135.81211090471427,0,0,,0,9.00565049932022,12.752093583699809,4.550139203063091,4.925859523537281,4.911272393067965,4.863491818293499,4.852439633528568,8.080000000000013,0.8660254037844386,0.5000000000000001
2014-03-01,100.8,107.48,236.028,8291.0,354987.0,85.8,-7.023,94.44082105263158,100.09,119.83855438232422,137.49962053808716,136.5311212267574,0,0,,0,9.022925868116218,12.779836448068725,4.547973406087097,4.923621157379816,4.916552582973475,4.925859523537281,4.911272393067965,6.680000000000007,1.0,6.123233995736766e-17
2014-04-01,102.07,107.76,236.468,8520.0,365339.0,90.6,-7.273,93.99555,100.15,93.22154235839844,138.97293528472812,136.35876818620088,0,0,,0,9.050171619823361,12.808580968650599,4.543247440723879,4.934279203990391,4.9152894136868115,4.923621157379816,4.916552582973475,5.690000000000012,0.8660254037844387,-0.4999999999999998
2014-05-01,102.18,109.54,236.918,8636.0,365460.0,90.2,-6.858,93.67002857142856,100.61,83.4288558959961,138.85845681167785,136.7248907792416,0,0,,0,9.063694791634697,12.808912113058586,4.539778272243183,4.933455117995895,4.917970810397203,4.934279203990391,4.9152894136868115,7.359999999999999,0.49999999999999994,-0.8660254037844387
2014-06-01,105.79,111.8,237.231,8734.0,354305.0,90.3,-6.674,93.82740476190476,102.51,98.76710510253906,143.5746186743186,139.12311334062198,0,1,ISIS / Iraq insurgency,0,9.074978734045507,12.777913403088165,4.5414569749820535,4.9668548908131305,4.935359248609757,4.933455117995895,4.917970810397203,6.009999999999991,1.2246467991473532e-16,-1.0
2014-07-01,103.59,106.77,237.498,8837.0,338737.0,94.7,-7.209,93.6038590909091,101.22,138.7539520263672,140.4308001024315,137.21793210124642,0,1,ISIS / Iraq insurgency,0,9.086702731518004,12.732979274055891,4.539071612237359,4.944714841481707,4.9215704071976285,4.9668548908131305,4.935359248609757,3.1799999999999926,-0.4999999999999997,-0.8660254037844388
2014-08-01,96.54,101.61,237.46,8920.0,331076.0,93.7,-7.082,94.58080952380952,95.61,136.44558715820312,130.89447782210212,129.63353039746409,0,1,ISIS / Iraq insurgency,0,9.096051225574055,12.710103235254245,4.549454596322783,4.874391485793004,4.864711472658012,4.944714841481707,4.9215704071976285,5.069999999999993,-0.8660254037844385,-0.5000000000000004
2014-09-01,93.21,97.09,237.477,9070.0,332155.0,91.7,-7.146,96.12086666666669,92.26,131.55665588378906,126.37042554168882,125.08245317536972,0,1,ISIS / Iraq insurgency,0,9.112727543109182,12.713357006419796,4.565606427334764,4.8392174791914355,4.828973145248044,4.874391485793004,4.864711472658012,3.8800000000000097,-1.0,-1.8369701987210297e-16
2014-10-01,84.4,87.43,237.43,9250.0,351717.0,87.7,-6.772,97.43960454545454,84.99,83.66100311279297,114.4488275587446,115.24888452864576,0,1,ISIS / Iraq insurgency,0,9.132378830506472,12.77058215394445,4.579232745511793,4.740127802211063,4.747094003119686,4.8392174791914355,4.828973145248044,3.030000000000001,-0.8660254037844386,0.5000000000000001
2014-11-01,75.79,79.44,236.983,9307.0,356729.0,91.9,-6.774,99.11468888888888,75.66,84.38005065917969,102.96727229379324,102.790656046291,0,1,ISIS / Iraq insurgency,0,9.13852208418571,12.78473166885526,4.596277653246958,4.634411193017632,4.632694454398577,4.740127802211063,4.747094003119686,3.6499999999999915,-0.5000000000000004,0.8660254037844384
2014-12-01,59.29,62.34,236.252,9546.0,360865.0,94.1,-6.804,101.44413333333333,60.7,86.5262222290039,80.79983064693633,82.7213648215388,1,1,ISIS / Iraq insurgency,0,9.163877497565842,12.796259206155247,4.619508236441341,4.3919748695710945,4.415477909917271,4.634411193017632,4.632694454398577,3.0500000000000043,-2.4492935982947064e-16,1.0
2015-01-01,47.22,47.76,234.747,9377.0,389213.0,87.8,-6.676,103.76074,47.0,111.9856948852539,64.76351709403198,64.46178109740583,1,1,ISIS / Iraq insurgency,0,9.146015161419625,12.871882030586105,4.642087671825471,4.170742437001673,4.1660725070543645,4.3919748695710945,4.415477909917271,0.5399999999999991,0.49999999999999994,0.8660254037844387
2015-02-01,50.58,58.1,235.342,9485.0,415313.0,87.1,-6.658,105.16853888888888,48.92,111.92469787597656,69.19646030805458,66.92548118367003,1,1,ISIS / Iraq insurgency,0,9.157466882369114,12.936787731801694,4.655564195584702,4.236949709697627,4.203579779274779,4.170742437001673,4.1660725070543645,7.520000000000003,0.8660254037844386,0.5000000000000001
2015-03-01,47.82,55.89,235.976,9580.0,443200.0,88.5,-7.154,107.36473809523812,47.99,104.23526763916016,65.24484902162624,65.4767943234597,1,1,ISIS / Iraq insurgency,0,9.167432870964907,13.001776414415211,4.676231805029338,4.178147100889404,4.18169579472938,4.236949709697627,4.203579779274779,8.07,1.0,6.123233995736766e-17
2015-04-01,54.45,59.52,236.222,9652.0,452713.0,92.0,-6.609,106.35228181818182,53.51,102.19049072265624,74.21334994200372,72.93216447009401,1,1,ISIS / Iraq insurgency,0,9.174920426744922,13.02301364960109,4.666756997158264,4.306944052345814,4.289529755290057,4.178147100889404,4.18169579472938,5.07,0.8660254037844387,-0.4999999999999998
2015-05-01,59.27,64.08,237.001,9466.0,448961.0,92.5,-6.718,105.40651499999998,58.65,76.2623291015625,80.51730731861124,79.67504765035514,1,1,ISIS / Iraq insurgency,0,9.155461710466193,13.014691303263675,4.657824446341182,4.3884721590625375,4.377956458362275,4.306944052345814,4.289529755290057,4.809999999999995,0.49999999999999994,-0.8660254037844387
2015-06-01,59.82,61.48,237.657,9350.0,438810.0,93.7,-6.876,106.17898636363635,60.12,85.90596771240234,81.04016040688127,81.44658046910234,1,1,ISIS / Iraq insurgency,0,9.143131622282732,12.991821796549244,4.665126220713616,4.394944839292878,4.399947350975849,4.3884721590625375,4.377956458362275,1.6599999999999966,1.2246467991473532e-16,-1.0
2015-07-01,50.9,56.56,238.034,9436.0,424809.0,95.0,-6.814,108.1235681818182,53.4,106.80866241455078,68.84672430294526,72.22819406242195,1,1,ISIS / Iraq insurgency,0,9.152287440527566,12.959394935126115,4.683274722915284,4.231882646743558,4.2798304691532305,4.394944839292878,4.399947350975849,5.660000000000004,-0.4999999999999997,-0.8660254037844388
2015-08-01,42.87,46.52,238.033,9400.0,425853.0,93.7,-7.256,109.9767476190476,44.97,82.47853088378906,57.985687038046294,60.82613356895129,1,1,ISIS / Iraq insurgency,0,9.148464968258095,12.961849495278475,4.7002689581660135,4.060196204886309,4.1080195250590394,4.231882646743558,4.2798304691532305,3.6500000000000057,-0.8660254037844385,-0.5000000000000004
2015-09-01,45.48,47.62,237.498,9471.0,429129.0,90.6,-6.818,110.85125714285716,44.38,98.7674560546875,61.65453025058967,60.16332569307762,1,1,ISIS / Iraq insurgency,0,9.155989777226102,12.96951285200988,4.708189276934929,4.121546710294031,4.097062958916144,4.060196204886309,4.1080195250590394,2.1400000000000006,-1.0,-1.8369701987210297e-16
2015-10-01,46.22,48.43,237.733,9394.0,455213.0,86.5,-6.602,109.90357142857142,44.77,91.931884765625,62.59576684003407,60.63203118624676,1,1,ISIS / Iraq insurgency,0,9.14782646658694,13.028520720261682,4.69960335795682,4.136697653455885,4.104823320862525,4.121546710294031,4.097062958916144,2.210000000000001,-0.8660254037844386,0.5000000000000001
2015-11-01,42.44,44.27,238.017,9328.0,455994.0,91.7,-7.051,111.6916105263158,41.43,150.71588134765625,57.40793061763732,56.041719262222294,1,1,ISIS / Iraq insurgency,0,9.140775908590273,13.03023493051522,4.715741596059444,4.050182457852081,4.026096400195609,4.136697653455885,4.104823320862525,1.8300000000000054,-0.5000000000000004,0.8660254037844384
2015-12-01,37.19,38.01,237.761,9270.0,449220.0,92.6,-7.51,112.7857409090909,35.63,148.23687744140625,50.36050234937988,48.248042449809226,1,1,ISIS / Iraq insurgency,0,9.1345386585599,13.015268024452785,4.725489920693093,3.9192071842927945,3.8763552559735603,4.050182457852081,4.026096400195609,0.8200000000000003,-2.4492935982947064e-16,1.0
2016-01-01,31.68,30.7,237.652,9209.0,471767.0,89.0,-7.125,115.2343875,29.99,118.21114349365234,42.91886152862168,40.62931367561124,1,1,ISIS / Iraq insurgency,0,9.127936545721367,13.06424049861755,4.7469682063229195,3.759311391982493,3.7044898177971857,3.9192071842927945,3.8763552559735603,-0.9800000000000004,0.49999999999999994,0.8660254037844387
2016-02-01,30.32,32.18,237.336,9067.0,492153.0,88.3,-7.46,114.281735,28.53,103.74964904785156,41.13107612682595,38.702823281607664,1,1,ISIS / Iraq insurgency,0,9.112396727646056,13.106544922741309,4.738666759256427,3.7167639459366746,3.6559125503879124,3.759311391982493,3.7044898177971857,1.8599999999999994,0.8660254037844386,0.5000000000000001
2016-03-01,37.55,38.21,238.08,9109.0,504811.0,88.9,-7.416,111.89339130434782,33.82,109.72029113769533,50.77986259393328,45.735684498717006,1,1,ISIS / Iraq insurgency,0,9.11701821474481,13.131939380779965,4.717546554631452,3.92749987036372,3.82287883562401,3.7167639459366746,3.6559125503879124,0.6600000000000037,1.0,6.123233995736766e-17
2016-04-01,40.75,41.58,238.992,8880.0,509323.0,88.6,-6.987,110.0170761904762,37.71,85.22145080566406,54.89701661752086,50.801631819551204,1,1,ISIS / Iraq insurgency,0,9.091556835986216,13.140837671876575,4.700635591839468,4.005459004917238,3.9279284765006324,3.92749987036372,3.82287883562401,0.8299999999999983,0.8660254037844387,-0.4999999999999998
2016-05-01,46.71,46.74,239.557,8839.0,511861.0,89.9,-7.139,111.14051428571427,42.88,88.3324203491211,62.777713753454776,57.63023690319291,1,1,ISIS / Iraq insurgency,0,9.086929027060949,13.145808382788092,4.7107952952093815,4.139600133953229,4.054047376201758,4.005459004917238,3.9279284765006324,0.030000000000001137,0.49999999999999994,-0.8660254037844387
2016-06-01,48.76,48.25,240.222,8679.0,500857.0,91.2,-7.03,111.55962727272728,45.96,90.16812896728516,65.35147774672065,61.59872676864809,1,1,ISIS / Iraq insurgency,0,9.068661593644245,13.124075910182635,4.714559221706085,4.179780052618248,4.120641200985732,4.139600133953229,4.054047376201758,-0.509999999999998,1.2246467991473532e-16,-1.0
2016-07-01,44.65,44.95,240.101,8669.0,493458.0,92.2,-7.56,112.47729,43.26,114.6104507446289,59.87313356008134,58.00922189942035,1,1,ISIS / Iraq insurgency,0,9.06750872286864,13.10919302785094,4.72275133459999,4.092227882970998,4.060601996173403,4.179780052618248,4.120641200985732,0.30000000000000426,-0.4999999999999997,-0.8660254037844388
2016-08-01,44.72,45.84,240.545,8695.0,486675.0,92.1,-7.296,111.4383695652174,42.7,98.73848724365234,59.8563120187302,57.1526056171686,1,1,ISIS / Iraq insurgency,0,9.070503426788383,13.09535182815748,4.713471698758074,4.091946890415149,4.045724981802884,4.092227882970998,4.060601996173403,1.1200000000000045,-0.8660254037844385,-0.5000000000000004
2016-09-01,45.18,46.57,241.176,8547.0,471537.0,90.4,-7.265,112.31686190476192,42.73,104.54522705078124,60.31379180651173,57.04312359212585,1,1,ISIS / Iraq insurgency,0,9.053335623166017,13.063752850935451,4.721324001005097,4.099560797423393,4.043807536039469,4.091946890415149,4.045724981802884,1.3900000000000006,-1.0,-1.8369701987210297e-16
2016-10-01,49.78,49.52,241.741,8809.0,491203.0,85.4,-7.068,113.474695,46.85,85.74778747558594,66.29931966255394,62.39700936501913,1,1,ISIS / Iraq insurgency,0,9.083529205109796,13.104612763288277,4.731579860522217,4.194179635639227,4.133517347384212,4.099560797423393,4.043807536039469,-0.259999999999998,-0.8660254037844386,0.5000000000000001
2016-11-01,45.66,44.73,242.026,8908.0,490734.0,89.5,-7.417,116.107515,44.06,82.91875457763672,60.74050213237796,58.6120570291847,1,1,ISIS / Iraq insurgency,0,9.094705028377259,13.103657508448782,4.754516615291205,4.106610726497788,4.070940426770336,4.194179635639227,4.133517347384212,-0.9299999999999997,-0.5000000000000004,0.8660254037844384
2016-12-01,51.97,53.31,242.637,8820.0,484622.0,91.3,-7.349,117.90482857142858,48.66,102.1804656982422,68.9604652854039,64.56833251467681,1,1,ISIS / Iraq insurgency,0,9.084777149000837,13.091124484600703,4.769877761509014,4.233533373510807,4.167724081845832,4.106610726497788,4.070940426770336,1.3400000000000034,-2.4492935982947064e-16,1.0
2017-01-01,52.5,54.58,243.618,8875.0,506798.0,88.4,-7.767,117.7857789473684,49.99,105.20123291015624,69.3832156378951,66.06603713787383,1,1,ISIS / Iraq insurgency,0,9.090993614343617,13.135867781091422,4.7688675419212405,4.2396449886643754,4.190654804492277,4.233533373510807,4.167724081845832,2.0799999999999983,0.49999999999999994,0.8660254037844387
2017-02-01,53.47,54.87,244.006,9097.0,525419.0,85.0,-6.731,116.1203894736842,51.24,114.20635986328124,70.55278673102673,67.61033835978698,1,1,ISIS / Iraq insurgency,0,9.115699967822062,13.1719513185032,4.754627493212845,4.25636117760414,4.213760905672033,4.2396449886643754,4.190654804492277,1.3999999999999986,0.8660254037844386,0.5000000000000001
2017-03-01,49.33,51.59,243.892,9168.0,538595.0,88.2,-7.235,115.65584782608695,48.65,96.63587951660156,65.12054915886763,64.22288093612225,1,1,ISIS / Iraq insurgency,0,9.12347443895452,13.1967191759894,4.75061895225933,4.1762401546880215,4.162359548074389,4.25636117760414,4.213760905672033,2.260000000000005,1.0,6.123233995736766e-17
2017-04-01,51.06,52.31,244.193,9105.0,524286.0,92.8,-7.076,114.769795,49.47,119.45992279052734,67.3212380296807,65.22486575261073,1,1,ISIS / Iraq insurgency,0,9.116578992161708,13.16979261593442,4.742928339509924,4.209475759374551,4.177840772800831,4.1762401546880215,4.162359548074389,1.25,0.8660254037844387,-0.4999999999999998
2017-05-01,48.48,50.33,244.004,9189.0,516808.0,94.4,-7.389,114.2591318181818,48.47,102.57996368408205,63.96908801793115,63.955893074033064,1,1,ISIS / Iraq insurgency,0,9.125762395500885,13.155426711206879,4.7384689549669226,4.158399966957909,4.158193675054134,4.209475759374551,4.177840772800831,1.8500000000000014,0.49999999999999994,-0.8660254037844387
2017-06-01,45.18,46.37,244.163,9113.0,501557.0,94.4,-7.224,112.76027272727272,45.25,126.7890167236328,59.57593514466677,59.668239603722256,1,1,ISIS / Iraq insurgency,0,9.117457244496126,13.125472538948362,4.725264084895636,4.0872517197926514,4.08879987889873,4.158399966957909,4.158193675054134,1.1899999999999977,1.2246467991473532e-16,-1.0
2017-07-01,46.63,48.48,244.243,9260.0,483411.0,95.1,-6.959,111.060555,46.27,102.81346130371094,61.467816154031404,60.99326299478947,1,1,ISIS / Iraq insurgency,0,9.133459327640225,13.088622502474621,4.710075593099732,4.118513723267018,4.110763415365697,4.0872517197926514,4.08879987889873,1.8499999999999943,-0.4999999999999997,-0.8660254037844388
2017-08-01,48.04,51.7,245.183,9262.0,459982.0,92.9,-7.106,109.90586086956522,48.22,138.5316162109375,63.08369712715512,63.320064018972104,1,1,ISIS / Iraq insurgency,0,9.133675287040697,13.03894263726488,4.699624189101052,4.144462370509784,4.148202246051026,4.118513723267018,4.110763415365697,3.6600000000000037,-0.8660254037844385,-0.5000000000000004
2017-09-01,49.82,56.15,246.435,9513.0,469588.0,85.4,-5.861,108.854245,50.78,115.5344467163086,65.08873459901837,66.34295349133185,1,1,ISIS / Iraq insurgency,0,9.160414563206457,13.059610993506832,4.690009785542087,4.175751486605928,4.194837553048425,4.144462370509784,4.148202246051026,6.329999999999998,-1.0,-1.8369701987210297e-16
2017-10-01,51.58,57.51,246.626,9667.0,459731.0,88.4,-5.961,110.8891761904762,52.67,91.4615707397461,67.33594702468146,68.75890519174045,1,1,ISIS / Iraq insurgency,0,9.176473302464606,13.038396814804544,4.708531289867966,4.209694225177967,4.230606258220066,4.175751486605928,4.194837553048425,5.93,-0.8660254037844386,0.5000000000000001
2017-11-01,56.64,62.71,247.284,10086.0,453054.0,92.6,-6.13,111.163525,57.75,92.59601593017578,73.74485421988116,75.19006587567333,1,1,ISIS / Iraq insurgency,0,9.21890360263667,13.023766602658798,4.711002315418658,4.300611219495913,4.320019119512351,4.209694225177967,4.230606258220066,6.07,-0.5000000000000004,0.8660254037844384
2017-12-01,57.88,64.37,247.805,9987.0,421646.0,94.7,-6.26,110.87581,59.53,82.71825408935547,75.20088496269977,77.34465587127708,1,1,ISIS / Iraq insurgency,0,9.209039526243135,12.95192137841682,4.7084107461272975,4.320162999007558,4.348271484409573,4.300611219495913,4.320019119512351,6.490000000000002,-2.4492935982947064e-16,1.0
2018-01-01,63.7,69.08,248.859,10000.0,420760.0,91.0,-6.656,108.35677619047618,63.25,92.42678833007812,82.41202290891995,81.82983436403747,0,0,,0,9.210340371976184,12.94981787885321,4.685429265855872,4.411731335360565,4.404641900390076,4.320162999007558,4.348271484409573,5.3799999999999955,0.49999999999999994,0.8660254037844387
2018-02-01,62.23,65.32,249.529,10263.0,423843.0,88.0,-5.763,107.6500947368421,61.74,64.49137115478516,80.2940323678902,79.66179589255249,0,0,,0,9.236300473645715,12.957118382623541,4.678886103854965,4.385695301477396,4.377790121970283,4.411731335360565,4.404641900390076,3.0899999999999963,0.8660254037844386,0.5000000000000001
2018-03-01,62.73,66.02,249.577,10467.0,424939.0,91.1,-5.651,107.947175,60.81,111.96229553222656,80.92360496869794,78.4467466626259,0,0,,0,9.255982729854884,12.959700908193458,4.681641987095461,4.3935055610934155,4.362420008116782,4.385695301477396,4.377790121970283,3.289999999999999,1.0,6.123233995736766e-17
2018-04-01,66.25,72.11,250.227,10493.0,436578.0,92.0,-6.335,107.94335714285714,64.41,123.2634735107422,85.24250571390269,82.87501574388637,0,0,,0,9.25846364715791,12.98672233245597,4.681606618641779,4.445500202785021,4.417333638477488,4.3935055610934155,4.362420008116782,5.859999999999999,0.8660254037844387,-0.4999999999999998
2018-05-01,69.98,76.98,250.792,10432.0,434197.0,93.2,-5.767,111.04704090909092,68.91,125.66661834716795,89.83896774291772,88.4653224802009,0,0,,0,9.252633284166434,12.981253627144053,4.70995390351167,4.498018820414464,4.482610638844038,4.445500202785021,4.417333638477488,7.0,0.49999999999999994,-0.8660254037844387
2018-06-01,67.87,74.41,251.018,10641.0,415152.0,97.0,-6.208,112.84441904761906,68.35,103.96858978271484,87.05174437689729,87.66740427524574,0,0,,0,9.272469743441732,12.936399997214403,4.726010047433793,4.466502704806041,4.473550157260332,4.498018820414464,4.482610638844038,6.539999999999992,1.2246467991473532e-16,-1.0
2018-07-01,70.98,74.25,251.214,10903.0,409641.0,95.1,-5.629,113.05953333333332,70.29,110.02842712402344,90.96967648010353,90.08535587188614,0,0,,0,9.296793259706382,12.92303644535425,4.727914523636763,4.510526225491531,4.500757619460995,4.466502704806041,4.473550157260332,3.269999999999996,-0.4999999999999997,-0.8660254037844388
2018-08-01,68.06,72.53,251.663,11396.0,407583.0,96.6,-6.13,113.8316304347826,67.68,112.74168395996094,87.07170912183068,86.5855608781296,0,0,,0,9.341017695617799,12.917999871904495,4.734720430653527,4.4667320219327085,4.461133068157917,4.510526225491531,4.500757619460995,4.469999999999999,-0.8660254037844385,-0.5000000000000004
2018-09-01,70.23,78.89,252.182,11444.0,416684.0,93.5,-5.578,114.07866315789474,69.29,75.05390930175781,89.66296117666823,88.4628588912337,0,0,,0,9.345220854170002,12.940083419745118,4.7368882381356725,4.496057764912552,4.4825827903809135,4.4667320219327085,4.461133068157917,8.659999999999997,-1.0,-1.8369701987210297e-16
2018-10-01,70.75,81.03,252.772,11508.0,433808.0,90.0,-5.098,114.83125909090909,70.99,92.0164794921875,90.1160139104878,90.42170780926541,0,0,,0,9.35079772467144,12.980357318883058,4.743463738553458,4.501097883676905,4.504484369204852,4.496057764912552,4.4825827903809135,10.280000000000001,-0.8660254037844386,0.5000000000000001
2018-11-01,56.96,64.75,252.594,11892.0,449379.0,94.1,-5.142,116.169045,59.01,80.40758514404297,72.60247805497433,75.21545347654555,0,0,,0,9.383621184117988,13.015621908669571,4.755046414780566,4.28499905423686,4.320356708202217,4.501097883676905,4.504484369204852,7.789999999999999,-0.5000000000000004,0.8660254037844384
2018-12-01,49.52,57.36,252.767,11951.0,442501.0,95.4,-4.706,116.2118052631579,48.83,90.607666015625,63.0760888018682,62.19720145790033,0,0,,0,9.388570235866881,13.000198003314573,4.755414433604769,4.144341756397448,4.1303100060946765,4.28499905423686,4.320356708202217,7.839999999999996,-2.4492935982947064e-16,1.0
2019-01-01,51.38,59.41,252.561,11873.0,448972.0,91.0,-4.915,114.44249,52.29,87.42410278320312,65.49864345283281,66.65870117066227,0,0,,0,9.382022193665792,13.014715803978094,4.740072426071734,4.182029431782964,4.199585588301265,4.144341756397448,4.1303100060946765,8.029999999999994,0.49999999999999994,0.8660254037844387
2019-02-01,54.95,63.96,253.319,11653.0,451660.0,85.9,-3.755,114.41300555555556,57.62,96.80016326904295,69.84003136182228,73.23353243072246,0,0,,0,9.363318936573263,13.020684963371295,4.739814757410241,4.246207360583684,4.293653409390436,4.182029431782964,4.199585588301265,9.009999999999998,0.8660254037844386,0.5000000000000001
2019-03-01,58.15,66.14,254.277,11912.0,458890.0,86.8,-4.11,114.78351904761904,61.64,82.32829284667969,73.62870025065722,78.04768845142753,0,0,,0,9.385301574363845,13.036565808905571,4.7430479112764425,4.299034898782299,4.35732003026954,4.246207360583684,4.293653409390436,7.990000000000002,1.0,6.123233995736766e-17
2019-04-01,63.86,71.23,255.233,12144.0,469802.0,88.7,-4.088,114.90375454545456,66.51,79.25344848632812,80.55575695362847,83.89858119301331,0,0,,0,9.404590499635411,13.060066608328581,4.7440948609566505,4.388949577629338,4.429608702639032,4.299034898782299,4.35732003026954,7.3700000000000045,0.8660254037844387,-0.4999999999999998
2019-05-01,60.83,71.32,255.296,12151.0,481125.0,90.6,-4.195,115.95738181818182,65.11,106.4719009399414,76.71464860397343,82.11229279310719,0,1,Iran tanker attacks,1,9.405166749908611,13.083882390586048,4.753222725480018,4.340092675847976,4.408087734764132,4.388949577629338,4.429608702639032,10.489999999999995,0.49999999999999994,-0.8660254037844387
2019-06-01,54.66,64.22,255.213,12222.0,463446.0,94.1,-4.052,115.42707,59.16,106.58845520019533,68.95588371638236,74.63282255143031,0,1,Iran tanker attacks,1,9.410992885454862,13.046445152346461,4.7486389019554425,4.233466933686139,4.312580391028816,4.340092675847976,4.408087734764132,9.560000000000002,1.2246467991473532e-16,-1.0
2019-07-01,57.35,63.92,255.802,11907.0,441588.0,94.0,-4.232,115.0775909090909,60.53,93.52125549316406,72.18284253588182,76.18530878285834,0,1,Iran tanker attacks,1,9.384881741451174,12.998132599662762,4.745606604410446,4.279202379651219,4.333168645979434,4.233466933686139,4.312580391028816,6.57,-0.4999999999999997,-0.8660254037844388
2019-08-01,54.81,59.04,256.036,12488.0,430118.0,94.8,-4.189,117.10038636363636,56.9,103.4044189453125,68.92285552528836,71.5510030904745,0,1,Iran tanker attacks,1,9.432523462195268,12.971814868628497,4.763031570031503,4.232987843263534,4.270410525337795,4.279202379651219,4.333168645979434,4.229999999999997,-0.8660254037844385,-0.5000000000000004
2019-09-01,56.95,62.83,256.43,12596.0,425614.0,88.9,-3.39,117.32392,58.6,90.36798858642578,71.50384402264662,73.57550938941338,0,1,Iran tanker attacks,1,9.441134582220915,12.961288111205393,4.76493865643888,4.269751210809305,4.298312217499082,4.232987843263534,4.270410525337795,5.8799999999999955,-1.0,-1.8369701987210297e-16
2019-10-01,53.96,59.71,257.155,12809.0,443367.0,85.8,-2.83,116.74625909090908,55.85,97.83673095703124,67.55872767220337,69.92503596168567,0,0,,0,9.457903327831136,13.002153148496166,4.7600028539877615,4.212997259201628,4.247423753377282,4.269751210809305,4.298312217499082,5.75,-0.8660254037844386,0.5000000000000001
2019-11-01,57.03,63.21,257.879,12998.0,445887.0,90.6,-2.738,116.55946842105264,57.88,73.07838439941406,71.2019500442244,72.26317497036136,0,0,,0,9.472550778454295,13.007820835671616,4.758401601315917,4.2655202063044575,4.2803146628992925,4.212997259201628,4.247423753377282,6.18,-0.5000000000000004,0.8660254037844384
2019-12-01,59.88,67.31,258.63,12983.0,432772.0,92.5,-3.296,115.90961,60.27,74.27989196777344,74.54308903206758,75.02859011293776,0,0,,0,9.471396088360253,12.977966309412354,4.7528106632155005,4.311377334459787,4.3178692424033125,4.2655202063044575,4.2803146628992925,7.43,-2.4492935982947064e-16,1.0
2020-01-01,57.52,63.65,259.127,12865.0,440253.0,88.9,-3.023,115.27938571428572,57.92,138.4209442138672,71.4678478541761,71.96484262367663,0,1,Soleimani strike,0,9.462265724715845,12.995104840645286,4.747358623036245,4.269247668202254,4.276177702866924,4.311377334459787,4.3178692424033125,6.1299999999999955,0.49999999999999994,0.8660254037844387
2020-02-01,50.54,55.66,259.25,12864.0,452563.0,87.0,-2.982,116.71054210526316,51.37,75.95555877685547,62.76549618304549,63.79627105110896,0,1,Soleimani strike,0,9.462187991418748,13.022682258950342,4.759696870304771,4.139405498648714,4.155694741167843,4.269247668202254,4.276177702866924,5.119999999999997,0.8660254037844386,0.5000000000000001
2020-03-01,29.21,32.01,258.076,12805.0,483341.0,83.0,-2.671,121.02274090909091,32.55,81.54003143310547,36.440844420036946,40.607651005552974,0,0,,0,9.457590998633625,13.088477687671812,4.795978469335415,3.595690245011222,3.7039564972661503,4.139405498648714,4.155694741167843,2.799999999999997,1.0,6.123233995736766e-17
2020-04-01,16.55,18.38,256.032,11918.0,529035.0,70.2,-2.637,123.28034545454544,19.32,69.33940124511719,20.811732890632992,24.29502594846099,0,0,,0,9.385805141306925,13.178809871222679,4.814460993202495,3.0355169089536616,3.1902716359149617,3.595690245011222,3.7039564972661503,1.8299999999999983,0.8660254037844387,-0.4999999999999998
2020-05-01,28.56,29.38,255.802,9723.0,521593.0,72.0,-2.91,122.61501,23.55,68.50721740722656,35.94667799171376,29.640905696948852,0,0,,0,9.182249491809657,13.16464286925913,4.80904944667693,3.582036673547222,3.3891553565382653,3.0355169089536616,3.1902716359149617,0.8200000000000003,0.49999999999999994,-0.8660254037844387
2020-06-01,38.31,40.27,257.042,10450.0,532657.0,76.4,-3.646,119.67660454545454,36.8,71.22785949707031,47.98577951180247,46.094405795727766,0,0,,0,9.254357257392957,13.185632968790971,4.784793142712858,3.8709047068433953,3.8306915933057226,3.582036673547222,3.3891553565382653,1.9600000000000009,1.2246467991473532e-16,-1.0
2020-07-01,40.71,43.24,258.352,11014.0,520124.0,79.6,-2.563,118.69005,40.08,66.47328186035156,50.73337662991156,49.94826173733371,0,0,,0,9.306922469822426,13.161822523668638,4.776515473333807,3.9265840101739258,3.9109877044356476,3.8709047068433953,3.8306915933057226,2.530000000000001,-0.4999999999999997,-0.8660254037844388
2020-08-01,42.34,44.74,259.316,10600.0,504399.0,78.9,-2.008,116.94534761904762,42.42,65.46604919433594,52.568554315619146,52.667880823537175,0,0,,0,9.268609280100158,13.131122900517408,4.76170671129874,3.962118114274775,3.964005797704592,3.9265840101739258,3.9109877044356476,2.3999999999999986,-0.8660254037844385,-0.5000000000000004
2020-09-01,39.63,40.91,259.997,10963.0,497724.0,76.9,-2.133,116.34313333333334,39.81,80.37738037109375,49.07499108556148,49.29789036376994,0,0,,0,9.30228124567454,13.117800985504385,4.75654387067395,3.893349558513226,3.8978812883231084,3.962118114274775,3.964005797704592,1.279999999999994,-1.0,-1.8369701987210297e-16
2020-10-01,39.4,40.19,260.319,10492.0,493922.0,75.3,-2.354,115.77981428571428,39.21,76.08316802978516,48.72982463124789,48.49483309114796,0,0,,0,9.258368340986765,13.11013288896653,4.751690234622229,3.8862912580647793,3.881457258065131,3.893349558513226,3.8978812883231084,0.7899999999999991,-0.8660254037844386,0.5000000000000001
2020-11-01,40.94,42.69,260.911,11225.0,500752.0,79.3,-2.784,114.0984,40.68,70.06746673583984,50.51960460916488,50.19876686616578,0,0,,0,9.325898712610455,13.123866247529076,4.737061233982681,3.9223614710297494,3.915990461976965,3.8862912580647793,3.881457258065131,1.75,-0.5000000000000004,0.8660254037844384
2020-12-01,47.02,49.99,262.045,11188.0,485471.0,79.1,-2.357,111.89921428571428,46.2,64.06729125976562,57.77118039059912,56.763686389742226,0,0,,0,9.32259705432185,13.092874832694665,4.717598593717842,4.056490042172265,4.038896797148035,3.9223614710297494,3.915990461976965,2.969999999999999,-2.4492935982947064e-16,1.0
2021-01-01,52.0,54.77,262.687,11156.0,476269.0,82.6,-2.614,111.48727222222222,51.39,77.418701171875,63.73371835198267,62.98607280977672,0,0,,0,9.319732748747379,13.073738099640387,4.713910433911169,4.154713753018538,4.142913635441249,4.056490042172265,4.038896797148035,2.770000000000003,0.49999999999999994,0.8660254037844387
2021-02-01,59.04,62.28,263.579,9931.0,493876.0,70.6,-3.023,112.01705263157896,58.41,73.95680236816406,72.11739597133031,71.34785058748989,0,0,,0,9.203416456903359,13.110039752515489,4.718651115344479,4.278295290796535,4.267567218556536,4.154713753018538,4.142913635441249,3.240000000000002,0.8660254037844386,0.5000000000000001
2021-03-01,62.33,65.41,264.961,11376.0,502464.0,81.9,-3.011,113.33664347826088,61.97,78.61876678466797,75.73901741628528,75.30157082122892,0,0,,0,9.339261152043022,13.127279274557928,4.730362535676702,4.3272934492747,4.321500995427957,4.278295290796535,4.267567218556536,3.0799999999999983,1.0,6.123233995736766e-17
2021-04-01,61.72,64.81,266.614,11355.0,489158.0,86.3,-2.644,112.63228636363635,62.4,88.16622161865234,74.53280408789828,75.35396913617713,0,0,,0,9.337413454539659,13.100440824653194,4.724128409628373,4.311239351799139,4.322196599679561,4.3272934492747,4.321500995427957,3.0900000000000034,0.8660254037844387,-0.4999999999999998
2021-05-01,65.17,68.53,268.383,11425.0,476980.0,89.0,-2.994,111.21227,65.15,93.00713348388672,78.18027824211872,78.15628552208123,0,0,,0,9.343559215762406,13.075229840270271,4.7114407174559005,4.359017419352064,4.358710482578629,4.311239351799139,4.322196599679561,3.3599999999999994,0.49999999999999994,-0.8660254037844387
2021-06-01,71.38,73.16,270.654,11401.0,448108.0,92.4,-3.193,111.57769545454543,70.55,74.12712097167969,84.91151459394315,83.92417140099033,0,0,,0,9.34145634983372,13.012789553772645,4.714721168453826,4.441609709491368,4.429913669728177,4.359017419352064,4.358710482578629,1.7800000000000011,1.2246467991473532e-16,-1.0
2021-07-01,72.49,75.17,271.903,11420.0,438745.0,90.9,-3.694,113.06331904761906,71.98,58.42076873779297,85.83582671026063,85.23193277147966,0,0,,0,9.343121483210002,12.991673657685881,4.727948007331544,4.452436480065346,4.445376161403444,4.441609709491368,4.429913669728177,2.680000000000007,-0.4999999999999997,-0.8660254037844388
2021-08-01,67.73,70.75,272.676,11318.0,421525.0,90.4,-3.244,113.40253636363636,67.89,89.4865493774414,79.9721284701524,80.16104830708173,0,0,,0,9.334149657702469,12.951634366646182,4.730943757565891,4.381678179847454,4.384037714934198,4.452436480065346,4.445376161403444,3.019999999999996,-0.8660254037844385,-0.5000000000000004
2021-09-01,71.65,74.49,273.91,10961.0,420343.0,87.2,-3.991,113.4437476190476,71.1,80.69696807861328,84.2195275322684,83.5730412776592,0,0,,0,9.302098797215724,12.94882632363544,4.731307098372195,4.43342681279485,4.425720995329864,4.381678179847454,4.384037714934198,2.839999999999989,-1.0,-1.8369701987210297e-16
2021-10-01,81.48,83.54,276.55,11640.0,436580.0,86.1,-3.192,114.063485,78.83,79.02923583984375,94.85972284479217,91.77456985585378,0,0,,0,9.36220272128543,12.986726913528354,4.736755179355963,4.552399198716222,4.519335242429433,4.43342681279485,4.425720995329864,2.0600000000000023,-0.8660254037844386,0.5000000000000001
2021-11-01,79.15,81.05,278.919,11871.0,433387.0,89.1,-3.197,114.989795,78.47,86.56914520263672,91.3644646099601,90.57952669543359,0,0,,0,9.381853730053534,12.9793863722492,4.744843385295265,4.514856613036363,4.506228212848724,4.552399198716222,4.519335242429433,1.8999999999999915,-0.5000000000000004,0.8660254037844384
2021-12-01,71.71,74.17,280.845,11760.0,421184.0,91.2,-3.016,115.8045380952381,71.98,105.34542083740234,82.20865068243725,82.51817983714731,0,0,,0,9.372459221452617,12.95082507181579,4.7519037534490725,4.409260535970561,4.413018630726962,4.514856613036363,4.506228212848724,2.460000000000008,-2.4492935982947064e-16,1.0
2022-01-01,83.22,86.51,282.543,11451.0,413714.0,89.0,-3.043,115.03728,80.26,138.67498779296875,94.83041545727714,91.45745186975563,0,0,,0,9.34583234141334,12.932930192824458,4.745256249743283,4.552090195960353,4.515873857244328,4.409260535970561,4.413018630726962,3.2900000000000063,0.49999999999999994,0.8660254037844387
2022-02-01,91.64,97.13,284.5,11465.0,408526.0,88.9,-2.916,114.99774210526316,90.21,216.1590118408203,103.70681669276242,102.08851957501197,0,0,,0,9.347054195292005,12.920310838747598,4.744912494303226,4.641567847817212,4.625840275900464,4.552090195960353,4.515873857244328,5.489999999999995,0.8660254037844386,0.5000000000000001
2022-03-01,108.5,117.25,287.674,11888.0,414207.0,91.5,-3.221,116.29083913043478,106.98,318.9549255371094,121.43213198399452,119.73096294606206,0,0,,0,9.38328476695754,12.934121127849103,4.756094287122368,4.799355522220292,4.7852472503428825,4.641567847817212,4.625840275900464,8.75,1.0,6.123233995736766e-17
2022-04-01,101.78,104.58,288.561,11830.0,417382.0,89.9,-2.555,117.16879523809524,105.22,191.14309692382807,113.56102559691966,117.39920527911069,0,0,,0,9.378393956972433,12.941757148593785,4.763615589456811,4.73234036288593,4.765580138027904,4.799355522220292,4.7852472503428825,2.799999999999997,0.8660254037844387,-0.4999999999999998
2022-05-01,109.55,113.34,291.298,11758.0,415065.0,93.3,-2.858,119.69619047619048,110.43,142.25848388671875,121.08194062749861,122.05457511177246,0,0,,0,9.3722891389622,12.93619041345421,4.7849567864617475,4.796467511672075,4.80446828168964,4.73234036288593,4.765580138027904,3.7900000000000063,0.49999999999999994,-0.8660254037844387
2022-06-01,114.84,122.71,294.957,11919.0,417799.0,95.4,-3.02,120.02570952380954,114.44,130.7073211669922,125.35422329356484,124.91760112953291,0,0,,0,9.385889044482708,12.94275573461203,4.7877059658663885,4.831143516047628,4.827654328976674,4.796467511672075,4.80446828168964,7.86999999999999,1.2246467991473532e-16,-1.0
2022-07-01,101.62,111.93,294.913,12009.0,424075.0,94.1,-2.917,122.7512,102.82,117.17676544189452,110.94041022884099,112.25047214848878,0,0,,0,9.393411647660683,12.957665605363923,4.810159542594259,4.708993212374362,4.720732732836135,4.831143516047628,4.827654328976674,10.310000000000002,-0.4999999999999997,-0.8660254037844388
2022-08-01,93.67,100.45,295.097,12134.0,419785.0,94.1,-2.769,122.31775217391304,95.8,132.86322021484375,102.1974876889479,104.52139767909907,0,0,,0,9.403766708502243,12.947497954429672,4.80662218484889,4.626907095167532,4.649391812923308,4.708993212374362,4.720732732836135,6.780000000000001,-0.8660254037844385,-0.5000000000000004
2022-09-01,84.26,89.76,296.349,12429.0,429000.0,92.5,-2.553,125.5946,86.57,131.98587036132812,91.54243969103996,94.05208882095097,0,0,,0,9.42778773074551,12.969212197910155,4.833059259479272,4.516802686509412,4.543848765186223,4.626907095167532,4.649391812923308,5.5,-1.0,-1.8369701987210297e-16
2022-10-01,87.55,93.33,298.007,12442.0,439678.0,90.3,-2.237,127.480605,88.02,143.16241455078125,94.58759405285477,95.09537439785582,0,0,,0,9.428833125074965,12.993797919802985,4.847964235380359,4.549526326367758,4.554880329018842,4.516802686509412,4.543848765186223,5.780000000000001,-0.8660254037844386,0.5000000000000001
2022-11-01,84.37,91.42,298.786,12493.0,416621.0,94.1,-2.148,124.85272,84.57,116.7162857055664,90.91432085171327,91.12983423526597,0,0,,0,9.432923766431829,12.939932214603855,4.82713480263184,4.509917533897862,4.5122852395144575,4.549526326367758,4.554880329018842,7.049999999999997,-0.5000000000000004,0.8660254037844384
2022-12-01,76.44,80.92,298.832,12202.0,430102.0,88.0,-2.228,122.23432857142858,76.56,111.19593811035156,82.35653588273375,82.48582400813835,0,0,,0,9.409355151711798,12.971777668842392,4.8059399284929745,4.411057820599124,4.412626448371751,4.509917533897862,4.5122852395144575,4.480000000000004,-2.4492935982947064e-16,1.0
2023-01-01,78.12,82.5,300.42,12640.0,459159.0,86.5,-2.891,119.810065,75.7,104.2670440673828,83.7216707881693,81.12814232801351,0,0,,0,9.444621667700849,13.037151834287002,4.7859076971773264,4.427497854236873,4.396029908671798,4.411057820599124,4.412626448371751,4.3799999999999955,0.49999999999999994,0.8660254037844387
2023-02-01,76.83,82.59,301.45,12621.0,472369.0,86.7,-2.518,120.30837368421054,74.86,120.99437713623048,82.05783206320964,79.95378508722992,0,0,,0,9.44311737225863,13.065515738798165,4.790058227243242,4.4074242677424325,4.381448781339172,4.427497854236873,4.396029908671798,5.760000000000005,0.8660254037844386,0.5000000000000001
2023-03-01,73.28,78.43,301.821,12867.0,465219.0,87.7,-1.89,120.74501304347824,73.0,105.37997436523438,78.17007000235841,77.87138523706555,0,0,,0,9.46242117318499,13.050263541440932,4.793680991832849,4.358886837746209,4.355058558528726,4.4074242677424325,4.381448781339172,5.150000000000006,1.0,6.123233995736766e-17
2023-04-01,79.45,84.64,302.845,12734.0,459627.0,90.1,-2.083,119.245145,78.53,106.80965423583984,84.4652336253619,83.48715917683663,0,0,,0,9.45203086057697,13.038170569967509,4.781181416151402,4.436340013313705,4.424692837717764,4.358886837746209,4.355058558528726,5.189999999999998,0.8660254037844387,-0.4999999999999998
2023-05-01,71.58,75.47,303.334,12732.0,460643.0,91.7,-2.619,119.62925454545456,72.57,108.46768188476562,75.97576747983172,77.02656392863072,0,0,,0,9.451873788401983,13.040378618502809,4.784397414828905,4.330414440493614,4.34415034844578,4.436340013313705,4.424692837717764,3.8900000000000006,0.49999999999999994,-0.8660254037844387
2023-06-01,70.25,74.84,304.014,12787.0,454715.0,93.1,-2.605,119.29695238095238,71.39,110.52894592285156,74.39731102395405,75.60461258363102,0,0,,0,9.456184308811169,13.027426128052797,4.7816157829347565,4.309419799034748,4.3255172943352616,4.330414440493614,4.34415034844578,4.590000000000003,1.2246467991473532e-16,-1.0
2023-07-01,76.07,80.11,304.609,12912.0,439947.0,93.8,-2.382,118.049165,76.41,107.44878387451172,80.40354166996201,80.76291072698564,0,0,,0,9.46591239050973,12.994409544093758,4.77110119023247,4.387058225836139,4.391517834486404,4.309419799034748,4.3255172943352616,4.040000000000006,-0.4999999999999997,-0.8660254037844388
2023-08-01,81.39,86.15,306.082,12999.0,417301.0,94.1,-2.583,119.85634782608696,81.78,101.14118194580078,85.6126128975539,86.022846575279,0,0,,0,9.47262771040802,12.941563062934309,4.786293924234481,4.449832619227244,4.4546129188247905,4.387058225836139,4.391517834486404,4.760000000000005,-0.8660254037844385,-0.5000000000000004
2023-09-01,89.43,93.72,307.276,13178.0,417865.0,91.5,-2.546,121.64553,89.32,98.6348114013672,93.7042057628972,93.58894843723557,0,0,,0,9.486304051473764,12.942913692834802,4.801111323794871,4.5401430736468456,4.5389123042607125,4.449832619227244,4.4546129188247905,4.289999999999992,-1.0,-1.8369701987210297e-16
2023-10-01,85.64,90.6,307.696,13213.0,425993.0,86.7,-2.002,123.4971476190476,86.6,197.8870086669922,89.61058283027876,90.61509193253316,0,0,,0,9.488956472414216,12.962178193191619,4.816218059599267,4.495473424951293,4.506620776798201,4.5401430736468456,4.5389123042607125,4.959999999999994,-0.8660254037844386,0.5000000000000001
2023-11-01,77.69,82.94,308.148,13316.0,441838.0,89.9,-2.997,121.22212,79.7,156.69613647460938,81.17275048766413,83.27285640194145,0,0,,0,9.496721598694915,12.998698578039386,4.797624565233434,4.396579605719054,4.4221226425528934,4.495473424951293,4.506620776798201,5.25,-0.5000000000000004,0.8660254037844384
2023-12-01,71.9,77.63,308.741,13297.0,426491.0,93.1,-1.8,119.83314,72.34,142.2794647216797,74.9789022631797,75.43774394601418,0,0,,0,9.495293724856706,12.963346543698254,4.7861002751398125,4.3172067708055515,4.323307732602503,4.396579605719054,4.4221226425528934,5.72999999999999,-2.4492935982947064e-16,1.0
2024-01-01,74.15,80.12,309.698,12517.0,428155.0,86.1,-2.723,120.22735714285714,73.28,160.3736572265625,77.08630846531432,76.18185683530996,0,0,,0,9.434842999328023,12.96724055853633,4.7893845930672425,4.3449256832863865,4.33312333506832,4.3172067708055515,4.323307732602503,5.969999999999999,0.49999999999999994,0.8660254037844387
2024-02-01,77.25,83.48,310.967,13129.0,448337.0,82.7,-1.943,121.06594,76.2,146.59817504882812,79.9813403906933,78.89421537567418,0,0,,0,9.48257880293411,13.013300460755186,4.796335355838372,4.381793362351675,4.3681079092664215,4.3449256832863865,4.33312333506832,6.230000000000004,0.8660254037844386,0.5000000000000001
2024-03-01,81.28,85.41,312.345,13190.0,447754.0,88.7,-1.847,120.65883333333332,79.67,133.21316528320312,83.7825608570942,82.12298995429005,0,0,,0,9.48721424571136,13.011999253439727,4.792967003923382,4.428224881500708,4.408218001062811,4.381793362351675,4.3681079092664215,4.1299999999999955,1.0,6.123233995736766e-17
2024-04-01,85.35,89.94,313.023,13314.0,464600.0,89.5,-2.602,122.14281363636364,84.47,163.9473419189453,87.78731575925438,86.88218584867273,0,1,Israel-Iran direct phase,1,9.496571392160648,13.048932099318446,4.80519096368787,4.474917022770185,4.464553015269141,4.428224881500708,4.408218001062811,4.590000000000003,0.8660254037844387,-0.4999999999999998
2024-05-01,80.02,81.75,313.175,13256.0,455026.0,93.5,-2.826,121.8583409090909,80.7,130.52186584472656,82.265161540527,82.96424064384566,0,1,Israel-Iran direct phase,1,9.492205559106399,13.02810983915764,4.802859229998395,4.409947707497136,4.4184096793439505,4.474917022770185,4.464553015269141,1.730000000000004,0.49999999999999994,-0.8660254037844387
2024-06-01,79.77,82.25,313.044,13252.0,440482.0,94.2,-2.525,123.7094789473684,80.28,113.0927963256836,82.0424652386943,82.56699397470702,0,1,Israel-Iran direct phase,1,9.491903763419787,12.995624860867398,4.817935904978136,4.407236981981066,4.413610011986166,4.409947707497136,4.4184096793439505,2.480000000000004,1.2246467991473532e-16,-1.0
2024-07-01,81.8,85.15,313.569,13212.0,427672.0,92.4,-2.853,123.38243636363636,81.5,92.3948745727539,83.9894382532596,83.68140852861441,0,1,Israel-Iran direct phase,1,9.48888078651068,12.966111825623534,4.815288770414508,4.430691055857753,4.427016832495869,4.407236981981066,4.413610011986166,3.3500000000000085,-0.4999999999999997,-0.8660254037844388
2024-08-01,76.68,80.36,314.062,13411.0,417661.0,94.0,-2.341,122.61374090909092,77.39,140.97506713867188,78.60880714346503,79.33666646886748,0,1,Israel-Iran direct phase,1,9.50383054471094,12.942425377679909,4.809039096414945,4.36448374332932,4.373700398434244,4.430691055857753,4.427016832495869,3.6799999999999926,-0.8660254037844385,-0.5000000000000004
2024-09-01,70.24,74.02,314.732,13171.0,415151.0,90.4,-2.659,121.884855,71.75,130.35877990722656,71.85352774597261,73.39821491704919,0,1,Israel-Iran direct phase,1,9.485772721999046,12.936397588455192,4.803076787587355,4.2746297100806565,4.295899615393526,4.36448374332932,4.373700398434244,3.780000000000001,-1.0,-1.8369701987210297e-16
2024-10-01,71.99,75.63,315.631,13530.0,423765.0,89.7,-2.487,123.5952909090909,72.95,130.689208984375,73.43397142693381,74.41322705368555,1,1,Israel-Iran direct phase,1,9.512664721164834,12.956934335280383,4.817012444856776,4.296386654529586,4.309633709017169,4.2746297100806565,4.295899615393526,3.6400000000000006,-0.8660254037844386,0.5000000000000001
2024-11-01,69.95,74.35,316.528,13396.0,421225.0,91.6,-2.289,126.31133684210526,70.89,128.90164184570312,71.15084776357571,72.10698496011268,1,1,Israel-Iran direct phase,1,9.502711433914095,12.950922411706586,4.8387497865483,4.264802239624057,4.2781509183794935,4.296386654529586,4.309633709017169,4.3999999999999915,-0.5000000000000004,0.8660254037844384
2024-12-01,70.12,73.86,317.604,13437.0,413380.0,93.0,-2.805,127.57578095238097,70.37,142.36643981933594,71.0821307837891,71.33556108464401,1,1,Israel-Iran direct phase,1,9.50576737487541,12.932122545765827,4.84871054844712,4.263835980099228,4.267394956024652,4.264802239624057,4.2781509183794935,3.739999999999995,-2.4492935982947064e-16,1.0
2025-01-01,75.74,79.27,318.961,13140.0,418782.0,86.9,-2.718,128.83695238095237,74.93,113.233154296875,76.45259136554454,75.63497057063974,1,1,Israel-Iran direct phase,1,9.483416292038601,12.945105777112161,4.858547669890716,4.336670828014402,4.325918749916973,4.263835980099228,4.267394956024652,3.530000000000001,0.49999999999999994,0.8660254037844387
2025-02-01,71.53,75.44,319.679,13240.0,429786.0,84.9,-1.751,127.87583157894736,73.05,136.97137451171875,72.04081393295378,73.57166863976336,1,1,Israel-Iran direct phase,1,9.490997829490999,12.971042689370124,4.851059727311817,4.277232818591428,4.298260014667844,4.336670828014402,4.325918749916973,3.9099999999999966,0.8660254037844386,0.5000000000000001
2025-03-01,68.24,72.73,319.785,13453.0,431688.0,89.0,-1.713,126.24304285714284,69.97,173.91439819335938,68.70453797508836,70.44631480241695,1,1,Israel-Iran direct phase,1,9.506957408485542,12.975458384075916,4.838208960555036,4.2298152519971115,4.254850927571494,4.277232818591428,4.298260014667844,4.490000000000009,1.0,6.123233995736766e-17
2025-04-01,63.54,68.13,320.302,13466.0,435065.0,90.8,-2.15,124.1402,65.38,140.97369384765625,63.869284936205084,65.71882041437028,1,1,Israel-Iran direct phase,1,9.507923269105227,12.983250724195331,4.8214115720684685,4.156838571897942,4.185385344352636,4.2298152519971115,4.254850927571494,4.589999999999996,0.8660254037844387,-0.4999999999999998
2025-05-01,62.17,64.45,320.62,13447.0,430527.0,94.3,-2.63,122.3421619047619,63.26,165.65699768066406,62.43020363103305,63.52476566992361,1,1,Israel-Iran direct phase,1,9.50651131182387,12.97276531865328,4.806821724941281,4.134049190818022,4.151429840414278,4.156838571897942,4.185385344352636,2.280000000000001,0.49999999999999994,-0.8660254037844387
2025-06-01,68.17,71.44,321.435,13610.0,413906.0,95.6,-2.403,120.59387,68.1,222.37838745117188,68.28174698687845,68.21163224008247,1,1,Israel-Iran direct phase,1,9.518560095645512,12.933394173886889,4.792428453813842,4.223642483229842,4.222615111010614,4.134049190818022,4.151429840414278,3.269999999999996,1.2246467991473532e-16,-1.0
2025-07-01,68.39,71.04,322.169,13707.0,420186.0,95.8,-2.808,120.11269090909092,69.3,134.02076721191406,68.34603876452196,69.25545381461284,1,1,Israel-Iran direct phase,1,9.525661930231381,12.948452749370125,4.788430393021134,4.22458360632622,4.237801897412074,4.223642483229842,4.222615111010614,2.6500000000000057,-0.4999999999999997,-0.8660254037844388
2025-08-01,64.86,67.87,323.291,13810.0,417294.0,95.4,-2.258,120.57584285714286,66.73,138.56211853027344,64.59335219240982,66.4556643817377,1,1,Israel-Iran direct phase,1,9.533148246403337,12.941546288331057,4.792278956244871,4.168111498255005,4.196535024291348,4.22458360632622,4.237801897412074,3.010000000000005,-0.8660254037844385,-0.5000000000000004
2025-09-01,63.96,67.99,324.245,13828.0,407853.0,93.2,-2.063,120.0290619047619,65.65,125.86952209472656,63.50964149163301,65.18774177494852,1,1,Israel-Iran direct phase,1,9.534450801041515,12.918662094347132,4.7877338960002715,4.151191728886858,4.177271441669911,4.168111498255005,4.196535024291348,4.029999999999994,-1.0,-1.8369701987210297e-16
2025-10-01,60.89,64.54,,13864.0,420994.0,88.1,-1.486,120.7618,62.4,154.51292419433594,,,1,1,Israel-Iran direct phase,1,9.537050831395442,12.950373860781488,4.7938200103254305,,,4.151191728886858,4.177271441669911,3.6500000000000057,-0.8660254037844386,0.5000000000000001
2025-11-01,60.06,63.8,325.063,13789.0,420564.0,93.4,-1.892,121.41771666666666,61.21,104.33865356445312,59.487029468133876,60.626058503904005,1,1,Israel-Iran direct phase,1,9.531626451841742,12.949351946576119,4.799236804276469,4.085758296655642,4.104724808963436,,,3.739999999999995,-0.5000000000000004,0.8660254037844384
2025-12-01,57.97,62.54,326.031,13656.0,411237.0,95.7,-2.264,120.18832272727272,59.09,131.39309692382812,57.24649456646761,58.3525161968703,1,1,Israel-Iran direct phase,1,9.521934264474277,12.926924969619833,4.789059868690293,4.047366410279658,4.066502480285599,4.085758296655642,4.104724808963436,4.57,-2.4492935982947064e-16,1.0
2026-01-01,60.04,66.6,326.588,13246.0,406144.0,91.4,-2.547,119.22981,61.32,167.80020141601562,59.189538567914866,60.45140747809027,1,1,Israel-Iran direct phase,1,9.491450899044924,12.914463055502813,4.781052807258103,4.080744812894495,4.101839860132847,4.047366410279658,4.066502480285599,6.559999999999995,0.49999999999999994,0.8660254037844387
2026-02-01,64.51,70.89,327.46,,,,,117.90602105263156,65.33,121.61688232421876,63.42686971066558,64.23310181673821,1,1,Israel-Iran direct phase,1,,,4.769887875388039,4.149887584131108,4.162518682439616,4.080744812894495,4.101839860132847,6.3799999999999955,0.8660254037844386,0.5000000000000001
2026-03-01,91.38,103.13,330.293,,,,,119.91985454545456,,297.2698059082031,89.07509166929748,,1,1,Israel-Iran direct phase,1,,,4.7868236408637745,4.489479740616237,,4.149887584131108,4.162518682439616,11.75,1.0,6.123233995736766e-17
2026-04-01,,,,,,,,119.30747692307692,,,,,1,1,Israel-Iran direct phase,1,,,4.781704000426461,,,4.489479740616237,,,0.8660254037844387,-0.4999999999999998
